ID,DATA,LABEL
TAM_HUAI_TR_001,இந்த சோப்பின் மணம் மிகவும் புத்துணர்ச்சியூட்டும் வகையில் உள்ளது.,AI
TAM_HUAI_TR_002,தோலை நன்கு சுத்தம் செய்ய இது மிகவும் சிறப்பானது.,AI
TAM_HUAI_TR_003,"இதைப் பயன்படுத்திய பிறகு, தோல் மிக மென்மையாக உள்ளது.",AI
TAM_HUAI_TR_004,இந்த சோப்பில் இயற்கையான மூலப்பொருட்கள் பயன்படுத்தப்பட்டுள்ளன.,AI
TAM_HUAI_TR_005,"சிறிது சோப்பு போதும், அதிக நுரை உருவாகிறது.",AI
TAM_HUAI_TR_006,இது தோல் பராமரிக்க உதவுகிறது மற்றும் தோல் சீராக இருக்க செய்யும்.,AI
TAM_HUAI_TR_007,இந்த சோப்பின் வடிவமைப்பு மற்றும் நிறம் மிகவும் அழகாக உள்ளது.,AI
TAM_HUAI_TR_008,இதன் நச்சுத்தன்மையில்லாத மூலப்பொருட்கள் அலர்ஜி ஏற்படாமல் காக்கின்றன.,AI
TAM_HUAI_TR_009,இந்த சோப்பு நீண்ட நாட்களுக்கு பயன்படும்.,AI
TAM_HUAI_TR_010,இதனை தொடர்ந்து பயன்படுத்திய பிறகு சருமம் மிகவும் சீராக உள்ளது.,AI
TAM_HUAI_TR_011,"இந்த சோப்பின் மணம் மிகவும் வலுவாக இருப்பதால், சில நேரங்களில் தலைவலியை ஏற்படுத்துகிறது.",AI
TAM_HUAI_TR_012,இதைப் பயன்படுத்திய பிறகு தோல் அதிகமாக உலர்கிறது.,AI
TAM_HUAI_TR_013,"சில நேரங்களில், இந்த சோப்பைப் பயன்படுத்தியவுடன் தோலில் அலர்ஜி ஏற்படுகிறது.",AI
TAM_HUAI_TR_014,"சோப்பு முழுமையாக இல்லாமல், சிறு சிறு துண்டுகளாக உடைகிறது.",AI
TAM_HUAI_TR_015, சிலர் பயன்படுத்தும்போது தோலில் புண்கள் அல்லது ஒவ்வாமை தோன்றுகிறது.,AI
TAM_HUAI_TR_016,இந்த சோப்பு மிகவும் விலையுயர்ந்ததாக உள்ளது.,AI
TAM_HUAI_TR_017,பெரிய அளவுக்கு கரையாது இதைப் பயன்படுத்தும்போது நிறைய சோப்பைப் பயன்படுத்த வேண்டிய நிலை ஏற்படுகிறது.,AI
TAM_HUAI_TR_018, சோப்பின் வாசனை நீண்ட நேரம் நீடிக்காது.,AI
TAM_HUAI_TR_019, சோப்பின் நிறம் கவர்ச்சியற்றதாக உள்ளது.,AI
TAM_HUAI_TR_020,இதைப் பயன்படுத்திய பிறகு சருமத்தில் எந்தவித சிறப்பான மாற்றமும் தெரியவில்லை.,AI
TAM_HUAI_TR_021," இந்த பற்பசையின் சுவை மிகவும் வலுவாக உள்ளது, சில நேரங்களில் அது அசௌகரியத்தை ஏற்படுத்துகிறது.",AI
TAM_HUAI_TR_022,அடித்தளம் இல்லை: பற்பசை பல நேரங்களில் அடிப்படையற்றதாகத் தெரிகிறது.,AI
TAM_HUAI_TR_023,பற்பசையில் அமிலம் அதிகமாக இருப்பது போன்று உணரப்படுகிறது.,AI
TAM_HUAI_TR_024,பற்பசையின் விலை மிகவும் உயர்ந்துள்ளது.,AI
TAM_HUAI_TR_025,பற்பசை பயன்படுத்தும் போது துலக்குதல் மிக மென்மையாக உள்ளது.,AI
TAM_HUAI_TR_026,பற்பசை பயன்படுத்திய பிறகு சில நேரங்களில் ஈறுகளில் இரத்தம் வருகிறது.,AI
TAM_HUAI_TR_027,பற்பசை குழாய் அளவிற்கு மிகச் சிறியது.,AI
TAM_HUAI_TR_028,பற்பசையின் சுவை நாக்கில் நீண்ட நேரம் நீடிக்கிறது.,AI
TAM_HUAI_TR_029,பற்பசை ஒவ்வொரு பயன்படுத்துதலிலும் அதிக அளவில் பயன்படுத்த வேண்டியுள்ளது.,AI
TAM_HUAI_TR_030,பற்பசை அடிக்கடி மூட முடியவில்லை.,AI
TAM_HUAI_TR_031,பற்பசையின் விளைவுகள் குறைவாகவே உள்ளது.,AI
TAM_HUAI_TR_032,பற்பசை பயன்படுத்தும்போது நுரை அதிகமாக உருவாகாது.,AI
TAM_HUAI_TR_033, பற்பசையின் நிறம் மிகவும் கவர்ச்சியற்றதாக உள்ளது.,AI
TAM_HUAI_TR_034,பற்பசை பற்களை முழுமையாக சுத்தம் செய்யவில்லை.,AI
TAM_HUAI_TR_035,பற்பசை பயன்படுத்திய பிறகு நாக்கில் தேய்வு ஏற்படுகிறது.,AI
TAM_HUAI_TR_036,பற்பசையின் குழாய் எளிதில் அழுத்த முடியவில்லை.,AI
TAM_HUAI_TR_037, பற்பசையின் மணம் அதிகம் மனதிற்கு பிடிக்கவில்லை.,AI
TAM_HUAI_TR_038,பற்பசை பற்களை வலுப்படுத்துவதில் திறமையாக இல்லை.,AI
TAM_HUAI_TR_039,சில நேரங்களில் பற்பசையை பயன்படுத்திய பிறகு வாயில் நோய் ஏற்படுகிறது.,AI
TAM_HUAI_TR_040,"பற்பசையின் மேல் பரப்பில் பராமரிப்புகள் மிகவும் அடர்த்தியாக உள்ளன, அதன் காரணமாக அவற்றை திறக்க சிரமமாக உள்ளது.",AI
TAM_HUAI_TR_041,பற்பசையின் சுவை மிகவும் இனிமையானது.,AI
TAM_HUAI_TR_042,பற்பசையை பயன்படுத்தியவுடன் வாயில் புதிய மனம் கிடைக்கிறது.,AI
TAM_HUAI_TR_043,பற்பசை பயன்படுத்துவதால் ஈறுகளில் நோய் ஏற்படாமல் காக்கிறது.,AI
TAM_HUAI_TR_044,மணத்தை நீக்கும்: வாயில் திரைமணத்தை முழுமையாக நீக்குகிறது.,AI
TAM_HUAI_TR_045, இதில் இயற்கையான மூலப்பொருட்கள் பயன்படுத்தப்பட்டுள்ளன.,AI
TAM_HUAI_TR_046,மென்மையான துலக்குதல்: பற்பசை துலக்கும்போது மென்மையாக உள்ளது.,AI
TAM_HUAI_TR_047, இது விலைக்கு ஏற்ப தரமானது.,AI
TAM_HUAI_TR_048,பற்பசை பயன்படுத்தும்போது நுரை அதிகமாக உருவாகிறது.,AI
TAM_HUAI_TR_049, பற்பசை பற்களை இரும்பாக பாதுகாக்கிறது.,AI
TAM_HUAI_TR_050,இதைப் பயன்படுத்திய பிறகு பற்கள் ஒளிர்ந்து காட்டுகின்றன.,AI
TAM_HUAI_TR_051, பற்பசை பற்களில் இருந்த அனைத்து மாசுக்களையும் சுத்தம் செய்கிறது.,AI
TAM_HUAI_TR_052,பற்பசையின் மணம் நீண்ட நேரம் வாயில் நிலைத்து இருக்கும்.,AI
TAM_HUAI_TR_053,பற்பசை ஒவ்வொரு பயனிலும் சிறிது அளவிலே போதுமானது.,AI
TAM_HUAI_TR_054,பற்பசை பயன்படுத்தியவுடன் பற்கள் மிகவும் பரிசுத்தமாகத் தெரிகின்றன.,AI
TAM_HUAI_TR_055,பற்பசை தோலை பாதுகாக்கின்றது மற்றும் எரிச்சலை ஏற்படுத்தவில்லை.,AI
TAM_HUAI_TR_056, பற்பசையைப் பயன்படுத்திய பிறகு வாயில் கூறுகள் பசைக்காமல் இருக்கின்றது.,AI
TAM_HUAI_TR_057,மிகுந்த செயல்திறன்: பற்பசையின் செயல்திறன் மிகுந்தது.,AI
TAM_HUAI_TR_058,பற்பசையின் மணம் மிகவும் கவர்ச்சியானது.,AI
TAM_HUAI_TR_059,பற்பசை பற்களை வலுவாகவும் ஆரோக்கியமாகவும் வைத்திருக்கிறது.,AI
TAM_HUAI_TR_060,பற்பசையின் இயற்கையான சுவை மிகவும் மகிழ்ச்சியானது.,AI
TAM_HUAI_TR_061, இந்த முடி எண்ணெயின் மணம் மிகவும் புத்துணர்ச்சி தரும்.,AI
TAM_HUAI_TR_062,இதைப் பயன்படுத்திய பிறகு முடி மென்மையாக மற்றும் கவர்ச்சியாக உள்ளது.,AI
TAM_HUAI_TR_063,முடி வளர்ச்சியை மேம்படுத்துகிறது.,AI
TAM_HUAI_TR_064,முடியை மினுமினுக்க வைக்கிறது.,AI
TAM_HUAI_TR_065, உலர் தலை தோல் பிரச்சனையை குறைக்கிறது.,AI
TAM_HUAI_TR_066,முடி கொட்டுதல் குறைகிறது.,AI
TAM_HUAI_TR_067, இதில் இயற்கையான மற்றும் உபயோகமான மூலப்பொருட்கள் உள்ளன.,AI
TAM_HUAI_TR_068, தலைசிறுநீர் பிரச்சனைகளை சரி செய்ய உதவுகிறது.,AI
TAM_HUAI_TR_069,இயற்கையான முடி வண்ணத்தை பாதுகாக்கிறது.,AI
TAM_HUAI_TR_070,முடி அடர்த்தியை அதிகரிக்கிறது.,AI
TAM_HUAI_TR_071,முடி வேர்களை வலுப்படுத்துகிறது.,AI
TAM_HUAI_TR_072,முடி சிகை பிரச்சனைகளை சரி செய்கிறது.,AI
TAM_HUAI_TR_073,முடிக்கு தேவையான ஊட்டச்சத்துக்களை வழங்குகிறது.,AI
TAM_HUAI_TR_074,எண்ணெய் எளிதில் முடியில் உள்ளினம் செய்யும்.,AI
TAM_HUAI_TR_075,தலை சுருக்கங்களை குறைக்க உதவுகிறது.,AI
TAM_HUAI_TR_076,முடி அடிமட்டத்தை நீடிக்க உதவுகிறது.,AI
TAM_HUAI_TR_077, எண்ணெய் தேய்த்து வந்தால் தலைவலி குறைகிறது.,AI
TAM_HUAI_TR_078,முடி பிழைகளை குறைக்க உதவுகிறது.,AI
TAM_HUAI_TR_079,நரை முடி வராமல் தடுக்கிறது.,AI
TAM_HUAI_TR_080," இந்த எண்ணெய் பயன்படுத்த எளிமையாகவும், சுலபமாகவும் உள்ளது.",AI
TAM_HUAI_TR_081,"இந்த முடி எண்ணெயின் மணம் மிகவும் வலுவாக இருக்கிறது, சிலருக்கு இது பிடிக்காது.",AI
TAM_HUAI_TR_082,"எண்ணெய் தலை தோலில் நன்றாக உட்புகாமல், கடினமாக கைவிட்டுவிடுகிறது.",AI
TAM_HUAI_TR_083,சரும இரிச்சல்: இந்த எண்ணெய் சிலருக்கு தலை தோலில் இரிச்சலை ஏற்படுத்துகிறது.,AI
TAM_HUAI_TR_084,பெரிய கட்டு: எண்ணெய் பயன்படுத்திய பிறகு முடி மீது பெரிய கட்டுகள் உருவாகிறது.,AI
TAM_HUAI_TR_085,"நெஞ்சு பருகல்: எண்ணெய் சரியாக உட்புகாமல், தலை தோலில் நெஞ்சு பருகலை ஏற்படுத்துகிறது.",AI
TAM_HUAI_TR_086,பெரும் எண்ணெய் மிச்சம்: எண்ணெய் தலை தோலில் பெரும் அளவில் மிச்சம் விடுகிறது.,AI
TAM_HUAI_TR_087,சுருக்கம் அதிகம்: எண்ணெய் பயன்பாட்டிற்கு பின்னர் தலை தோலில் அதிக சுருக்கம் ஏற்படுகிறது.,AI
TAM_HUAI_TR_088,பொட்டுகளில் எண்ணெய் படிந்துவிடும்: எண்ணெய் பொட்டுகளில் அதிகமாக படிந்துவிடுகிறது.,AI
TAM_HUAI_TR_089,அலர்ஜி பிரச்சனை: சிலருக்கு இந்த எண்ணெய் அலர்ஜி பிரச்சனையை ஏற்படுத்துகிறது.,AI
TAM_HUAI_TR_090,மிகுந்த கொட்டுதல்: எண்ணெய் பயன்படுத்திய பிறகு முடி அதிகமாக கொட்டுகிறது.,AI
TAM_HUAI_TR_091,"சிரமமான சுத்தம்: எண்ணெய் நன்கு சுத்தம் செய்யப்படாமல், அதை கழுவுவது சிரமமாக உள்ளது.",AI
TAM_HUAI_TR_092,விலை உயர்வு: இந்த எண்ணெயின் விலை மிகவும் அதிகமாக உள்ளது.,AI
TAM_HUAI_TR_093,தலை வலி: சிலர் இந்த எண்ணெயை பயன்படுத்திய பிறகு தலைவலியை அனுபவிக்கின்றனர்.,AI
TAM_HUAI_TR_094,விரைவாக கெட்டுப்போகும்: எண்ணெய் விரைவாக கெட்டுப்போகும் தன்மையுடையது.,AI
TAM_HUAI_TR_095,பிறவழிகளுக்கு துர்நாற்றம்: எண்ணெய் பயன்படுத்திய பிறகு பிறவழிகளில் துர்நாற்றம் ஏற்படுகிறது.,AI
TAM_HUAI_TR_096,மிகுந்த பருமனாக்கம்: எண்ணெய் முடியில் அதிக பருமனாக்கத்தை ஏற்படுத்துகிறது.,AI
TAM_HUAI_TR_097,விரைவாக ஊறாதது: எண்ணெய் தலை தோலில் விரைவாக ஊறாது.,AI
TAM_HUAI_TR_098,தினசரி பயன்படுத்த இயலாது: எண்ணெயை தினசரி பயன்படுத்துவதற்கு சிலர் ஆர்வம் காட்ட மாட்டார்கள்.,AI
TAM_HUAI_TR_099,மிகுந்த கசப்பு சுவை: எண்ணெயின் சுவை மிகவும் கசப்பாக இருக்கிறது.,AI
TAM_HUAI_TR_100,பிரச்சனைகளை தீர்க்கவில்லை: எண்ணெய் பயன்படுத்திய பிறகு எந்தவித மாற்றமும் அல்லது பிரச்சனைகளுக்கும் தீர்வு இல்லை.,AI
TAM_HUAI_TR_101,"இந்த மொபைல் போனின் திரை மிகத் துல்லியமான நிறங்களை வெளிப்படுத்துகிறது, எனக்கு படம் பார்ப்பது மிகவும் சுவாரஸ்யமாக இருக்கிறது.",AI
TAM_HUAI_TR_102,"திரையின் தெளிவு மிக நன்றாக உள்ளது, இதைப் பயன்படுத்தி நான் குறைந்த ஒளியிலும் சரியாக படிக்க முடிகிறது.",AI
TAM_HUAI_TR_103,"இந்த போனின் பேட்டரி வாழ்க்கை நன்றாக நீடிக்கிறது, ஒரு முறை சார்ஜ் செய்தால் முழு நாளும் பயன்படுகிறது.",AI
TAM_HUAI_TR_104,"பேட்டரி மிகவும் விரைவாக சார்ஜ் ஆகிறது, இதனால் நேரத்தை சிக்கனம் செய்ய முடிகிறது.",AI
TAM_HUAI_TR_105,"மொபைல் போனின் திரை சிறந்த பிரிதிறன் கொண்டது, இதனால் வீடியோ பார்க்கும் அனுபவம் மிகச் சிறப்பாக இருக்கிறது.",AI
TAM_HUAI_TR_106,"நீண்ட நேரம் பேட்டரி வாழ்க்கை இருப்பதால், நான் தொடர்ச்சியாக விளையாட்டுகள் விளையாட முடிகிறது.",AI
TAM_HUAI_TR_107,"எனக்கு இந்த திரையின் பெரிய அளவு மிகவும் பிடித்துள்ளது, இது மிகவும் வசதியாக உள்ளது.",AI
TAM_HUAI_TR_108,"பேட்டரி சார்ஜ் நீண்ட நேரம் நீடிப்பதால், பயணங்களில் போனைக் கொண்டு செல்ல மிக வசதியாக உள்ளது.",AI
TAM_HUAI_TR_109,"திரையின் பிரகாசம் மற்றும் குறைவு இரண்டும் சரியாக உள்ளன, கண்களை பாதிக்காமல் பயன்படுத்த முடிகிறது.",AI
TAM_HUAI_TR_110,"பேட்டரி திறன் மிக உயர் தரமானது, இதனால் அதிக நேரம் பயன்படுத்தினாலும் சூடாகி விடாமல் இருக்கிறது.",AI
TAM_HUAI_TR_111,"இந்த மொபைல் போனின் திரை கண்ணுக்கு மிகவும் பிரகாசமாக உள்ளது, இதனால் நீண்ட நேரம் பார்க்கும்போது களைப்பு ஏற்படுகிறது.",AI
TAM_HUAI_TR_112,"திரையின் நிறங்கள் மிகவும் இயல்பானதாக இல்லை, சில நேரங்களில் படங்களை உண்மையானதா என்று சந்தேகமாக இருக்கிறது.",AI
TAM_HUAI_TR_113,"பேட்டரி வேகமாக காலியாகிவிடுகிறது, தினமும் இருமுறை சார்ஜ் செய்ய வேண்டியுள்ளது.",AI
TAM_HUAI_TR_114,"பேட்டரி சார்ஜ் ஆக எடுக்கக்கூடிய நேரம் மிகவும் அதிகமாக உள்ளது, இது சிரமத்தை ஏற்படுத்துகிறது.",AI
TAM_HUAI_TR_115,"மொபைல் போனின் திரை வெளிச்சத்தில் தெளிவாக இல்லை, வெயிலில் படிக்க மிகவும் கஷ்டமாக உள்ளது.",AI
TAM_HUAI_TR_116,"பேட்டரி வாழ்க்கை குறைவாக உள்ளது, சில மணி நேரம் தான் நீடிக்கிறது.",AI
TAM_HUAI_TR_117,"திரையின் சுருக்கமான வடிவம் காரணமாக, சில செயலிகளை சரியாகப் பயன்படுத்த முடியவில்லை.",AI
TAM_HUAI_TR_118,"பேட்டரி சார்ஜ் போது சூடாகி விடுகிறது, இது கவலை அளிக்கிறது.",AI
TAM_HUAI_TR_119,"திரையின் ஒளி தானாகவே மாறும், இதனால் எப்போதும் கைமுறையாக சரிசெய்ய வேண்டியதுதான்.",AI
TAM_HUAI_TR_120,"பேட்டரி சார்ஜ் தாறுமாறாக குறைகிறது, பயன்பாட்டு நேரம் அதிகரிக்க முடியவில்லை.",AI
TAM_HUAI_TR_121,"லாப்டாப்பின் திரை கண்ணுக்கு மிகவும் பிரகாசமாக உள்ளது, இதனால் நீண்ட நேரம் பார்க்கும்போது களைப்பு ஏற்படுகிறது.",AI
TAM_HUAI_TR_122,"திரையின் நிறங்கள் இயல்பாக இல்லை, வேலை செய்வதற்கு அல்லது படங்களைத் திருத்துவதற்கு அவ்வளவு உதவியாக இல்லை.",AI
TAM_HUAI_TR_123,"பேட்டரி வாழ்க்கை குறைவாக உள்ளது, சில மணி நேரமே நீடிக்கிறது.",AI
TAM_HUAI_TR_124,"பேட்டரி வேகமாக சார்ஜ் ஆகாது, வேலைநேரத்தில் சார்ஜ் செய்வது சிரமமாக இருக்கிறது.",AI
TAM_HUAI_TR_125,"லாப்டாப்பின் திரை வெளிச்சத்தில் தெளிவாக இல்லை, வெளியில் பயன்படுத்துவது மிகவும் கஷ்டமாக உள்ளது.",AI
TAM_HUAI_TR_126,"பேட்டரி சார்ஜ் போது சூடாகி விடுகிறது, இது பாதுகாப்பு சிக்கல்களை ஏற்படுத்துகிறது.",AI
TAM_HUAI_TR_127,"திரையின் தீர்மானம்  குறைவாக உள்ளது, துல்லியமான படங்களை பார்க்க முடியவில்லை.",AI
TAM_HUAI_TR_128,"பேட்டரி சார்ஜ் தாறுமாறாக குறைகிறது, வேலை செய்யும் போது மொத்தம் நிறுத்தப்படலாம்.",AI
TAM_HUAI_TR_129,"திரையின் பார்வை கோணம்  சரியாக இல்லை, சில கோணங்களில் பார்க்கும்போது நிறங்கள் மாறிப்போகின்றன.",AI
TAM_HUAI_TR_130,"பேட்டரி வாழ்க்கை குறைவாக இருப்பதால், தொடர்ச்சியாக உபயோகிக்க முடியவில்லை, சார்ஜ் தேவைப்படுகிறது.",AI
TAM_HUAI_TR_131,லாப்டாப்பின் திரை மிகத் துல்லியமானது மற்றும் நன்றாகக் காணப்படுகிறது.,AI
TAM_HUAI_TR_132,"திரையின் நிறங்கள் மிக இயல்பாகவும், அழகாகவும் உள்ளன, படம் பார்க்கும் போது மிகவும் அற்புதமாக உள்ளது.",AI
TAM_HUAI_TR_133," திரையின் தீர்மானம்  உயரமானது, இதனால் படங்கள் மற்றும் வீடியோக்கள் மிகத் துல்லியமாகத் தெரிகின்றன.",AI
TAM_HUAI_TR_134,"திரையின் பார்வை கோணம்  மிகச் சிறப்பாக உள்ளது, எந்தக் கோணத்தில் பார்த்தாலும் நிறங்கள் மாறுவதில்லை.",AI
TAM_HUAI_TR_135," திரையின் பிரகாசம்  மிக நன்றாக உள்ளது, வெளிச்சத்தில் கூட சரியாகப் படிக்க முடிகிறது.",AI
TAM_HUAI_TR_136," பேட்டரி நீண்ட நேரம் நீடிக்கிறது, முழு நாளும் சார்ஜ் செய்யாமல் பயன்படுத்த முடிகிறது.",AI
TAM_HUAI_TR_137,"பேட்டரி விரைவாக சார்ஜ் ஆகிறது, இதனால் பணிகளை விரைவாக தொடர முடிகிறது.",AI
TAM_HUAI_TR_138," பேட்டரி மிக நீண்ட நேரம் பயன்படுத்தினாலும் சூடேறாமல் இருக்கிறது, இது மிகவும் வசதியாக உள்ளது.",AI
TAM_HUAI_TR_139,"பேட்டரி வாழ்க்கை நீண்டது, பயணங்களில் சார்ஜ் பற்றிய கவலை இல்லாமல் கொண்டு செல்ல முடிகிறது.",AI
TAM_HUAI_TR_140," நீண்ட பேட்டரி வாழ்க்கையுடன், லாப்டாப்பை தொடர்ச்சியாக வேலை செய்வதற்கு பயன்படுத்த முடிகிறது.",AI
TAM_HUAI_TR_141,இந்த கைப்பையின் வடிவமைப்பு மிகவும் நவீனமாகவும் அழகாகவும் இருக்கிறது.,AI
TAM_HUAI_TR_142," இந்த கைப்பையில் பெரிய அளவிலான இடம் உள்ளது, எனக்கு தேவையான அனைத்தையும் எளிதாக வைத்துக்கொள்ள முடிகிறது.",AI
TAM_HUAI_TR_143,"இந்த கைப்பை மிகவும் திண்மையானது, இதனால் நீண்ட காலத்திற்கு பயன்படுத்தக்கூடியது.",AI
TAM_HUAI_TR_144,"கைப்பையின் பொருள் மிக உயர்தரமானது, இது நீண்ட நாள் வரை சீராக இருக்கும்.",AI
TAM_HUAI_TR_145,"பல வண்ணங்களில் கிடைக்கிறது, எனது அனைத்து ஆடைகளோடும் பொருந்துகிறது.",AI
TAM_HUAI_TR_146," இந்த கைப்பை மிகவும் எளிதாக தூக்கிக்கொண்டு செல்லலாம், இது மிகவும் வசதியாக உள்ளது.",AI
TAM_HUAI_TR_147,"கைப்பையில் பல பாக்கெட்கள் உள்ளன, இதனால் சிறு பொருட்களை தனித்தனியாக வைத்துக்கொள்ள முடிகிறது.",AI
TAM_HUAI_TR_148,"இந்த பிராண்ட் மிகவும் நம்பகமானது, எனக்கு அதன் தரம் மீது முழுமையான நம்பிக்கை உள்ளது.",AI
TAM_HUAI_TR_149,இந்த கைப்பை எனக்கு ஒரு நவீன மற்றும் அழகான தோற்றத்தை வழங்குகிறது.,AI
TAM_HUAI_TR_150,"இந்த கைப்பை சமையல் சாப்பிடும் போது மிக வசதியாகவும், நடைமுறையிலும் இருக்கிறது.",AI
TAM_HUAI_TR_151,"இந்த கைப்பையின் மெட்ரியல் தரம் மிகவும் குறைவாக உள்ளது, விரைவில் பழுதடைகிறது.",AI
TAM_HUAI_TR_152,"கைப்பையின் இட அளவு மிகவும் குறைவாக உள்ளது, எனக்கு தேவையான அனைத்தையும் வைத்துக்கொள்ள முடியவில்லை.",AI
TAM_HUAI_TR_153,"கைப்பை அழகாகவே இருந்தாலும், மிகவும் செயல்படாததாய் இருக்கிறது.",AI
TAM_HUAI_TR_154," கைப்பையில் இடைப்பட்டைகள்  இல்லாததால், சிறு பொருட்களை தனித்தனியாக வைத்துக்கொள்ள முடியவில்லை.",AI
TAM_HUAI_TR_155,"கைப்பை மிகவும் இலகுவாக இருந்தாலும், தீவிரமாக பயன்படுத்த முடியாது.",AI
TAM_HUAI_TR_156,கைப்பையின் நிறங்கள் விரைவில் கலைந்து விடுகின்றன.,AI
TAM_HUAI_TR_157,"கைப்பை மிகவும் சிரமமாக தூக்கி செல்வது, காரணம் அதன் கைப்பிடிகள் மிருதுவாக இல்லை.",AI
TAM_HUAI_TR_158,"இந்த பிராண்ட் மிக குறைவான தரத்தை கொண்டுள்ளது, நம்பகமில்லாமல் இருக்கிறது.",AI
TAM_HUAI_TR_159, கைப்பையின் அடைப்புகள் அடிக்கடி பழுதடைகின்றன.,AI
TAM_HUAI_TR_160,"இந்த கைப்பை நீண்ட காலத்திற்கு பயன்படுத்த முடியாது, விரைவில் பழுது பார்க்க வேண்டும்.",AI
TAM_HUAI_TR_161,"ஹெட்ஸெட்டின் ஒலித் தரம் மிகவும் குறைவாக உள்ளது, அதிர்வொலி மிகவும் தெளிவாக இல்லை.",AI
TAM_HUAI_TR_162,"ஹெட்ஸெட்டின் பேட்டரி வாழ்க்கை குறைவாக உள்ளது, விரைவில் சார்ஜ் தேவைப்படுகிறது.",AI
TAM_HUAI_TR_163," பயன்படுத்தும் போது, பின்புறம் இருந்து அதிக இரைச்சல் (background noise) வருகிறது.",AI
TAM_HUAI_TR_164,"காதுகளில் நன்றாக உட்கார்வதில்லை, நீண்ட நேரம் பயன்படுத்தும்போது உபயோகத்தில் சிரமம் உண்டாகிறது.",AI
TAM_HUAI_TR_165,"ஹெட்ஸெட் இணைப்பு (connection) அடிக்கடி துண்டிக்கிறது, இது மிகுந்த தொந்தரவாக இருக்கிறது.",AI
TAM_HUAI_TR_166," ஹெட்ஸெட்டின் மைக்ரோபோன் தரம் மிகவும் குறைவாக உள்ளது, குரல் தெளிவாக கேட்கவில்லை.",AI
TAM_HUAI_TR_167,"ஹெட்ஸெட் மிகவும் ஆழமாக உள்ளது, எடைக்கூடியது என்பதால் வெகு நேரம் அணிந்து வைக்க முடியவில்லை.",AI
TAM_HUAI_TR_168,"ஹெட்ஸெட் சார்ஜ் ஆக எடுக்கக்கூடிய நேரம் அதிகமாக உள்ளது, வேகமாக சார்ஜ் ஆகவில்லை.",AI
TAM_HUAI_TR_169,"ஹெட்ஸெட்டில் ஒலி வெளியேறுவதால், அருகிலுள்ளவர்கள் கேட்கமுடிகிறது.",AI
TAM_HUAI_TR_170,"ஹெட்ஸெட்டின் மெட்ரியல் தரம் மிகவும் குறைவாக உள்ளது, சில நாட்களில்மேல் விரைவில் பழுதடைகிறது.",AI
TAM_HUAI_TR_171,"படுக்கைத் திரையின் பொருள் மிக மெல்லியது, சில முறை விற்ற பிறகு விரைவில் கிழிந்து விடுகிறது.",AI
TAM_HUAI_TR_172,"படுக்கைத் திரையின் நிறம், சில முறை சுத்தம் செய்த பிறகு, விரைவில் கலைந்து விடுகிறது.",AI
TAM_HUAI_TR_173,படுக்கைத் திரையின் பொருள் மிக அதிகம் விரைவில் சுருங்குகிறது.,AI
TAM_HUAI_TR_174," படுக்கைத் திரை மெல்லியதான மேட்டர் காரணமாக, தூங்கும் போது சரியான சுகமளிக்காது.",AI
TAM_HUAI_TR_175,"படுக்கைத் திரையின் அளவு, பெரிய படுக்கைக்குச் சரியாக பொருந்தாது.",AI
TAM_HUAI_TR_176,படுக்கைத் திரையின் நிறப்பொருள்  கையிலிருந்து மற்றும் உடலில் இருந்து ஒழியும்போது அச்சுறுத்துகிறது.,AI
TAM_HUAI_TR_177,"படுக்கைத் திரையை துவைத்த பிறகு, அதன் வடிவம் மற்றும் அமைப்பு மாறிவிடுகிறது.",AI
TAM_HUAI_TR_178,"இந்த பிராண்ட் விலை அதிகமாக இருந்தாலும், தரம் குறைவாகவே உள்ளது.",AI
TAM_HUAI_TR_179," சில முறை பயன்படுத்திய பிறகு, படுக்கைத் திரையின் கயிறுகள்  வெளியில் தெரிய ஆரம்பிக்கின்றன.",AI
TAM_HUAI_TR_180,"படுக்கைத் திரையின் மேல் மிக விரைவில் மஞ்சள் பழுப்பு புள்ளிகள்  தோன்றுகின்றன, எளிதில் சுத்தம் செய்ய முடியாது.",AI
TAM_HUAI_TR_181,தொடர்புடைய கிருமி நீக்கிகள்: குழந்தைகளுக்காக வடிவமைக்கப்பட்ட கிருமி நீக்கிகள் சில நேரங்களில் மூக்கு எரிச்சலையைக் கொண்டிருக்கின்றன.,AI
TAM_HUAI_TR_182,"சில குழந்தை துடைப்பிகள் ரசியல் அல்லாத வகையில் இருக்கின்றன, குழந்தைகளின் தோலை எரிச்சலடையச் செய்கின்றன.",AI
TAM_HUAI_TR_183,"சில குழந்தை பராமரிப்பு க்ரீம்கள் மிகுந்த ரசாயனங்களை கொண்டுள்ளன, இது குளிர் பாதிப்பை ஏற்படுத்தும்.",AI
TAM_HUAI_TR_184,"குழந்தை பவுடர் தோல் உலர்த்துவதற்கும், நெஞ்சில் பிரச்சனைகளை உண்டாக்குவதற்கும் வாய்ப்பு உள்ளது.",AI
TAM_HUAI_TR_185,"குழந்தை குளியல் சாமான்கள் சிலவற்றில் அதிகமான சோப்பு கலக்கப்பட்டுள்ளது, இதனால் குழந்தையின் தோல் உலர்கிறது.",AI
TAM_HUAI_TR_186,சில குழந்தை எண்ணெய்களில் உள்ள வாசனை பொருட்கள் குழந்தையின் தோலில் எரிச்சலை ஏற்படுத்துகின்றன.,AI
TAM_HUAI_TR_187,"குழந்தை ஷாம்பூ சிலவற்றில் அதிகமான ரசாயனங்கள் உள்ளன, இது கண்களில் எரிச்சலை ஏற்படுத்தும்.",AI
TAM_HUAI_TR_188,"பார்பிங் துணி தரம் குறைவாக இருப்பதால், அடிக்கடி கிழிந்து விடுகிறது.",AI
TAM_HUAI_TR_189,"குழந்தை நக நறுக்கிகள் மிக குறைவான தரத்தில் இருக்கின்றன, பாதிப்பை ஏற்படுத்தலாம்.",AI
TAM_HUAI_TR_190," குழந்தை பாட்டில் தரம் குறைவான பிளாஸ்டிக் பயன்படுத்தப்படுகிறது, இது ஆரோக்கியத்திற்கு மோசமாக இருக்கலாம்.",AI
TAM_HUAI_TR_191,"சில பாலூட்டிகளில் தேய்மானம் ஏற்பட வாய்ப்பு உள்ளது, குழந்தை உண்டான பிறகு உடைய வாய்ப்பு உள்ளது.",AI
TAM_HUAI_TR_192,"பாட்டில் பிரஷ் தரம் குறைவானது, அடிக்கடி கிழிந்து விடுகிறது.",AI
TAM_HUAI_TR_193,"குழந்தைகளுக்கான நீச்சல் குளம் தரம் குறைவானது, உடனே காற்று வெளியேற வாய்ப்பு உள்ளது.",AI
TAM_HUAI_TR_194,"தோல் பராமரிப்பு துணி: சில தோல் பராமரிப்பு துணிகள், குழந்தையின் நெஞ்சில் பிரச்சனைகளை ஏற்படுத்துகின்றன.",AI
TAM_HUAI_TR_195, குளியல் துவைப்பு பிறகு குழந்தையின் தோலில் எரிச்சலை ஏற்படுத்துகின்றது.,AI
TAM_HUAI_TR_196,"குழந்தை லோஷன் சிலவற்றில் மிகுந்த ரசாயனங்கள் உள்ளன, இது தோலில் ஒவ்வாமையை ஏற்படுத்தும்.",AI
TAM_HUAI_TR_197," சில சூடாக்கல் பாட்டில்களில் உள்ள திடப்படுத்தப்பட்ட பிளாஸ்டிக், சூடுபடுத்தும்போது துர்நாற்றத்தை உண்டாக்குகின்றது.",AI
TAM_HUAI_TR_198,"குழந்தை குளியல் செட்: தரம் குறைவானது, உடனே பழுதடையும் வாய்ப்பு உள்ளது.",AI
TAM_HUAI_TR_199,"நல்லுண்ணி குழந்தையின் அசைவுகளை சரியாக கண்டறியாது, இதனால் பாதுகாப்பு சிக்கல்கள் ஏற்படலாம்.",AI
TAM_HUAI_TR_200, தூங்கும் பொம்மை பித்தளையில் பிரச்சனைகளை ஏற்படுத்தும் வகையில் இருக்கிறது.,AI
TAM_HUAI_TR_201,"குழந்தை பராமரிப்பு பெட்டிகள் நன்றாக தாங்கப்படாததால், உடனே கிழிந்து விடுகின்றன.",AI
TAM_HUAI_TR_202,குழந்தைகளுக்கான நீர் பாட்டில்கள் துர்நாற்றத்தை ஏற்படுத்துகின்றன.,AI
TAM_HUAI_TR_203," குழந்தைகளுக்கான சாப்பாட்டு மேசை தரம் குறைவானது, குழந்தையின் பாதுகாப்புக்கு அச்சுறுத்தல்.",AI
TAM_HUAI_TR_204,தூக்கத்தில் குழந்தையை தாங்கும் பதக்கம் எளிதில் கிழிய வாய்ப்பு உள்ளது.,AI
TAM_HUAI_TR_205,"குழந்தைகளுக்கான நகைகள் தரம் குறைவான பொருட்களை கொண்டு தயாரிக்கப்படுகின்றன, இது குழந்தையின் ஆரோக்கியத்தை பாதிக்கக்கூடியது.",AI
TAM_HUAI_TR_206,இந்த குழந்தை பராமரிப்பு பொருட்கள் மிகவும் நன்றாக உள்ளன.,AI
TAM_HUAI_TR_207,என் குழந்தைக்கு இந்த சாமான்கள் மிகவும் பொருத்தமாக இருக்கின்றன.,AI
TAM_HUAI_TR_208,இந்த பேபி ஷாம்பு மிகவும் மென்மையானது.,AI
TAM_HUAI_TR_209,குழந்தையின் தோல் மிகவும் மிருதுவாக உள்ளது.,AI
TAM_HUAI_TR_210,இந்த பேபி லோஷன் நல்ல வாசனை கொண்டது.,AI
TAM_HUAI_TR_211,குழந்தையின் தோலை பாதுகாக்கும் சிறந்த பொருள்.,AI
TAM_HUAI_TR_212,இந்த பேபி பவுடர் மிகவும் நல்லது.,AI
TAM_HUAI_TR_213,குழந்தையின் முடி மிகவும் மென்மையாக உள்ளது.,AI
TAM_HUAI_TR_214,இந்த பேபி ஆயில் மிகவும் நல்லது.,AI
TAM_HUAI_TR_215,குழந்தையின் தோல் பிரச்சினைகள் குறைந்துவிட்டன.,AI
TAM_HUAI_TR_216,இந்த பேபி சோப் மிகவும் மென்மையானது.,AI
TAM_HUAI_TR_217,குழந்தையின் தோல் மிகவும் ஆரோக்கியமாக உள்ளது.,AI
TAM_HUAI_TR_218,இந்த பேபி கிரீம் மிகவும் நல்லது.,AI
TAM_HUAI_TR_219,குழந்தையின் தோல் மிகவும் பளபளப்பாக உள்ளது.,AI
TAM_HUAI_TR_220,இந்த பேபி டயப்பர் மிகவும் நன்றாக உள்ளது.,AI
TAM_HUAI_TR_221,இந்த குழந்தை பராமரிப்பு பொருட்கள் மிகவும் மோசமாக உள்ளன.,AI
TAM_HUAI_TR_222,என் குழந்தைக்கு இந்த சாமான்கள் பொருத்தமாக இல்லை.,AI
TAM_HUAI_TR_223,இந்த பேபி ஷாம்பு குழந்தையின் தோலை உலர்த்துகிறது.,AI
TAM_HUAI_TR_224,குழந்தையின் தோல் பிரச்சினைகள் அதிகரித்துவிட்டன.,AI
TAM_HUAI_TR_225,இந்த பேபி லோஷன் வாசனை பிடிக்கவில்லை.,AI
TAM_HUAI_TR_226,குழந்தையின் தோலை பாதுகாக்க முடியவில்லை.,AI
TAM_HUAI_TR_227,இந்த பேபி பவுடர் மிகவும் மோசமாக உள்ளது.,AI
TAM_HUAI_TR_228,குழந்தையின் முடி உலர்ந்து போய்விட்டது.,AI
TAM_HUAI_TR_229,இந்த பேபி ஆயில் குழந்தையின் தோலை எரிச்சலடையச் செய்கிறது.,AI
TAM_HUAI_TR_230,இந்த பேபி சோப் குழந்தையின் தோலை காயப்படுத்துகிறது.,AI
TAM_HUAI_TR_231,இந்த பிராண்டெட் டீ-ஷர்ட் மிகவும் தரமானது.,AI
TAM_HUAI_TR_232,துணியின் தரம் மிக உயர்ந்தது.,AI
TAM_HUAI_TR_233,இந்த டீ-ஷர்ட்டின் வடிவமைப்பு மிகவும் நவீனமாக உள்ளது.,AI
TAM_HUAI_TR_234,அணிவதற்கு மிகவும் சௌகரியமாக உள்ளது.,AI
TAM_HUAI_TR_235,நிறங்கள் அழகாகவும் நிலையாகவும் உள்ளன.,AI
TAM_HUAI_TR_236,விலைக்கு தகுந்த தரம் கொண்டது.,AI
TAM_HUAI_TR_237,தைப்பு மிகவும் நேர்த்தியாக உள்ளது.,AI
TAM_HUAI_TR_238,அடிக்கடி அணிந்தாலும் வடிவம் மாறவில்லை.,AI
TAM_HUAI_TR_239,வியர்வையை உறிஞ்சும் தன்மை கொண்டது.,AI
TAM_HUAI_TR_240,பல முறை சலவை செய்தாலும் நிறம் மங்கவில்லை.,AI
TAM_HUAI_TR_241,அளவு சரியாக பொருந்துகிறது.,AI
TAM_HUAI_TR_242,பிராண்டின் லோகோ அழகாக உள்ளது.,AI
TAM_HUAI_TR_243,பல வகையான நிறங்களில் கிடைக்கிறது.,AI
TAM_HUAI_TR_244,இந்த பிராண்டெட் டீ-ஷர்ட் மிகவும் விலை அதிகம்.,AI
TAM_HUAI_TR_245,துணியின் தரம் எதிர்பார்த்த அளவுக்கு இல்லை.,AI
TAM_HUAI_TR_246,சலவை செய்த பிறகு சுருங்கிவிட்டது.,AI
TAM_HUAI_TR_247,நிறம் வெகு விரைவில் மங்கிவிட்டது.,AI
TAM_HUAI_TR_248,அணிந்த சிறிது நேரத்திலேயே சுருக்கங்கள் விழுந்துவிட்டன.,AI
TAM_HUAI_TR_249,தைப்பு தரம் குறைவாக உள்ளது.,AI
TAM_HUAI_TR_250,அளவு சரியாக பொருந்தவில்லை.,AI
TAM_HUAI_TR_251,வியர்வையை உறிஞ்சும் தன்மை இல்லை.,AI
TAM_HUAI_TR_252,லோகோ சில சலவைகளுக்குப் பிறகே உரிந்துவிட்டது.,AI
TAM_HUAI_TR_253,துணி ஒவ்வாமை ஏற்படுத்துகிறது.,AI
TAM_HUAI_TR_254,வடிவமைப்பு மிகவும் சாதாரணமாக உள்ளது.,AI
TAM_HUAI_TR_255,இந்த விலைக்கு எதிர்பார்த்த தரம் இல்லை.,AI
TAM_HUAI_TR_256,இந்த பிராண்டெட் ஷூஸ் மிகவும் தரமானது.,AI
TAM_HUAI_TR_257,அணிவதற்கு மிகவும் சௌகரியமாக உள்ளது.,AI
TAM_HUAI_TR_258,வடிவமைப்பு மிகவும் நவீனமாக உள்ளது.,AI
TAM_HUAI_TR_259,தைப்பு மிகவும் நேர்த்தியாக உள்ளது.,AI
TAM_HUAI_TR_260,விலைக்கு தகுந்த தரம் கொண்டது.,AI
TAM_HUAI_TR_261,நிறங்கள் அழகாகவும் நிலையாகவும் உள்ளன.,AI
TAM_HUAI_TR_262,பல முறை பயன்படுத்தியும் கிழியவில்லை.,AI
TAM_HUAI_TR_263,அடிக்கடி அணிந்தாலும் வடிவம் மாறவில்லை.,AI
TAM_HUAI_TR_264,வியர்வையை உறிஞ்சும் தன்மை கொண்டது.,AI
TAM_HUAI_TR_265,பல முறை சலவை செய்தாலும் நிறம் மங்கவில்லை.,AI
TAM_HUAI_TR_266,அளவு சரியாக பொருந்துகிறது.,AI
TAM_HUAI_TR_267,பிராண்டின் லோகோ அழகாக உள்ளது.,AI
TAM_HUAI_TR_268,பல வகையான நிறங்களில் கிடைக்கிறது.,AI
TAM_HUAI_TR_269,பாதங்களை பாதுகாக்கும் தன்மை உள்ளது.,AI
TAM_HUAI_TR_270,நீண்ட நேரம் அணிந்தாலும் சோர்வு ஏற்படவில்லை.,AI
TAM_HUAI_TR_271,தரமான மெட்டீரியல் பயன்படுத்தப்பட்டுள்ளது.,AI
TAM_HUAI_TR_272,ஸ்டைலிஷ் லுக்காக உள்ளது.,AI
TAM_HUAI_TR_273,விளையாட்டு மற்றும் தினசரி பயன்பாட்டிற்கு ஏற்றது.,AI
TAM_HUAI_TR_274,நீண்ட நாள் பயன்பாட்டிற்கு உகந்தது.,AI
TAM_HUAI_TR_275,பாதங்களை நன்றாகப் பிடிக்கிறது.,AI
TAM_HUAI_TR_276,மிதமான எடை கொண்டது.,AI
TAM_HUAI_TR_277,தண்ணீரை தடுக்கக்கூடியது.,AI
TAM_HUAI_TR_278,நல்ல குஷன் சப்போர்ட் உள்ளது.,AI
TAM_HUAI_TR_279,பாதங்களை குளிர்ச்சியாக வைத்திருக்கிறது.,AI
TAM_HUAI_TR_280,விலை மதிப்புக்கு ஏற்றது.,AI
TAM_HUAI_TR_281,இந்த பிராண்டெட் ஷூஸ் மிகவும் விலை அதிகம்.,AI
TAM_HUAI_TR_282,துணியின் தரம் எதிர்பார்த்த அளவுக்கு இல்லை.,AI
TAM_HUAI_TR_283,சில நாட்களிலேயே கிழிந்துவிட்டது.,AI
TAM_HUAI_TR_284,நிறம் வெகு விரைவில் மங்கிவிட்டது.,AI
TAM_HUAI_TR_285,அணிந்த சிறிது நேரத்திலேயே சுருக்கங்கள் விழுந்துவிட்டன.,AI
TAM_HUAI_TR_286,தைப்பு தரம் குறைவாக உள்ளது.,AI
TAM_HUAI_TR_287,அளவு சரியாக பொருந்தவில்லை.,AI
TAM_HUAI_TR_288,வியர்வையை உறிஞ்சும் தன்மை இல்லை.,AI
TAM_HUAI_TR_289,லோகோ சில சலவைகளுக்குப் பிறகே உரிந்துவிட்டது.,AI
TAM_HUAI_TR_290,துணி ஒவ்வாமை ஏற்படுத்துகிறது.,AI
TAM_HUAI_TR_291,வடிவமைப்பு மிகவும் சாதாரணமாக உள்ளது.,AI
TAM_HUAI_TR_292,இந்த விலைக்கு எதிர்பார்த்த தரம் இல்லை.,AI
TAM_HUAI_TR_293,பாதங்களில் வலி ஏற்படுகிறது.,AI
TAM_HUAI_TR_294,நீண்ட நேரம் அணிந்தால் சோர்வு ஏற்படுகிறது.,AI
TAM_HUAI_TR_295,மெட்டீரியல் தரம் குறைவாக உள்ளது.,AI
TAM_HUAI_TR_296,ஸ்டைலிஷ் இல்லை.,AI
TAM_HUAI_TR_297,விளையாட்டு பயன்பாட்டிற்கு ஏற்றது இல்லை.,AI
TAM_HUAI_TR_298,நீண்ட நாள் பயன்பாட்டிற்கு உகந்தது இல்லை.,AI
TAM_HUAI_TR_299,பாதங்களை நன்றாகப் பிடிக்கவில்லை.,AI
TAM_HUAI_TR_300,மிக அதிக எடை கொண்டது.,AI
TAM_HUAI_TR_301,தண்ணீரை தடுக்கக்கூடியது இல்லை.,AI
TAM_HUAI_TR_302,குஷன் சப்போர்ட் இல்லை.,AI
TAM_HUAI_TR_303,பாதங்களை சூடாக வைத்திருக்கிறது.,AI
TAM_HUAI_TR_304,விலை மதிப்புக்கு ஏற்றது இல்லை.,AI
TAM_HUAI_TR_305,கால் விரல்களுக்கு இடம் குறைவாக உள்ளது.,AI
TAM_HUAI_TR_306,இந்த ஃபவுண்டேஷன் சருமத்தில் மிக மென்மையாக இருக்கிறது.,AI
TAM_HUAI_TR_307,இந்த லிப்ஸ்டிக் நிறம் விரைவில் மங்கிவிடுகிறது.,AI
TAM_HUAI_TR_308,இந்த மாஸ்காரா கண்களுக்கு அழகான தோற்றத்தை தருகிறது. ,AI
TAM_HUAI_TR_309,இந்த மைசிறைசர் சருமத்தில் ஒட்டவில்லை. ,AI
TAM_HUAI_TR_310,இந்த ஐ ஷேடோ பல வண்ணங்களில் கிடைக்கிறது. ,AI
TAM_HUAI_TR_311,இந்த பிளஷ் சருமத்தை உலர்த்துகிறது. ,AI
TAM_HUAI_TR_312,இந்த நெயில் பாலிஷ் நீண்ட நாட்களுக்கு நீடிக்கிறது. ,AI
TAM_HUAI_TR_313,இந்த க்ரீம் சருமத்தில் எரிச்சலை ஏற்படுத்துகிறது. ,AI
TAM_HUAI_TR_314,இந்த ஃபேஸ் வாஷ் முகத்தை பளபளப்பாக மாற்றுகிறது. ,AI
TAM_HUAI_TR_315,இந்த பர்ஃப்யூம் மணம் அதிக நேரம் நீடிக்கவில்லை.,AI
TAM_HUAI_TR_316,இந்த காஜல் நீண்ட நேரம் கண்களில் நீடிக்கிறது. ,AI
TAM_HUAI_TR_317,இந்த ஃபேஸ் பவுடர் சருமத்தை உலர்த்துகிறது.,AI
TAM_HUAI_TR_318,இந்த சன்பிளாக் க்ரீம் சூரிய கிரணங்களில் இருந்து பாதுகாப்பு தருகிறது. ,AI
TAM_HUAI_TR_319,இந்த ஃபேஸ் க்ரீம் பருக்கள் ஏற்படுகிறது. ,AI
TAM_HUAI_TR_320,இந்த ஐ லைனர் கண்களில் எரிச்சலை ஏற்படுத்தவில்லை. ,AI
TAM_HUAI_TR_321,இந்த பேஸ் ஸ்க்ரப் சருமத்தை அதிகமாக சிரமப்படுத்துகிறது.,AI
TAM_HUAI_TR_322,இந்த ஃபேஸ் மாஸ்க் முகத்தை புத்துணர்ச்சி தருகிறது. ,AI
TAM_HUAI_TR_323,இந்த ஐ கோன்டூர் சரியாக ஒட்டவில்லை.,AI
TAM_HUAI_TR_324,இந்த லிப்பாம் உதட்டில் மென்மையாக இருக்கிறது. ,AI
TAM_HUAI_TR_325,இந்த ஃபேஸ் ப்ரைமர் சருமத்தில் பூச்சுகளை ஏற்படுத்துகிறது. ,AI
TAM_HUAI_TR_326,இந்த ஃபேஸ் மிஸ்ட் முகத்தில் குளிர்ச்சியை தருகிறது. ,AI
TAM_HUAI_TR_327,இந்த மிட்நைட் க்ரீம் அதிக நேரம் சருமத்தில் ஒட்டவில்லை. ,AI
TAM_HUAI_TR_328,இந்த ஐ கோல்ட் முகத்தை பளபளப்பாக மாற்றுகிறது. ,AI
TAM_HUAI_TR_329,இந்த லிப்ஸ்டிக் மெட்டில் நிறம் இல்லை. ,AI
TAM_HUAI_TR_330,இந்த மாஸ்காரா எளிதில் நீரிழிந்து விடுகிறது.,AI
TAM_HUAI_TR_331,இந்த ஷாம்பு முடியை மென்மையாக மாற்றுகிறது. ,AI
TAM_HUAI_TR_332,இந்த ஷாம்பு முடி உதிர்வை அதிகரிக்கிறது.,AI
TAM_HUAI_TR_333,இந்த கண்டிஷனர் முடியை நல்லா மினுக்கமாக செய்கிறது. ,AI
TAM_HUAI_TR_334,இந்த கண்டிஷனர் முடியை ஒட்டவைத்து விடுகிறது. ,AI
TAM_HUAI_TR_335,இந்த ஹேர் ஆயில் முடியின் வளர்ச்சிக்கு உதவுகிறது. ,AI
TAM_HUAI_TR_336,இந்த ஹேர் ஆயில் பலரும்விதமாக மணமடக்குகிறது.,AI
TAM_HUAI_TR_337,இந்த ஹேர் மாஸ்க் முடியை வலிமையாக்குகிறது.,AI
TAM_HUAI_TR_338,இந்த ஹேர் மாஸ்க் முடியை குருட்டாக்குகிறது. ,AI
TAM_HUAI_TR_339,இந்த ஹேர் ஸ்ப்ரே முடியை செட்டிங்குக்கு உதவுகிறது. ,AI
TAM_HUAI_TR_340,இந்த ஹேர் ஸ்ப்ரே முடியை கடினமாக மாற்றுகிறது. ,AI
TAM_HUAI_TR_341,இந்த ஹேர் ஜெல் முடியை பளபளப்பாக மாற்றுகிறது. ,AI
TAM_HUAI_TR_342,இந்த ஹேர் ஜெல் முடியில் உடைச்சலை ஏற்படுகிறது. ,AI
TAM_HUAI_TR_343,இந்த ஹேர் செரம் முடியை மென்மையாக செய்கிறது. ,AI
TAM_HUAI_TR_344,இந்த ஹேர் செரம் முடியை அதிகமாக கொழுவாக்குகிறது. ,AI
TAM_HUAI_TR_345,இந்த ஹேர் ஷாம்பு முடியை நன்றாக சுத்தமாக்குகிறது. ,AI
TAM_HUAI_TR_346,இந்த ஹேர் ஷாம்பு முடியை சுண்டிகொள்ள வைத்து விடுகிறது. ,AI
TAM_HUAI_TR_347,இந்த ஹேர் டானிக் முடியின் அடியில் செறிவை அதிகரிக்கிறது. ,AI
TAM_HUAI_TR_348,இந்த ஹேர் டானிக் முடியை பரிதவிக்கவைத்து விடுகிறது. ,AI
TAM_HUAI_TR_349,இந்த ஹேர் கேர் ப்ரொடக்ட் முடியை நேர்த்தியாகவும் நன்கு பராமரிக்கவும் செய்கிறது. ,AI
TAM_HUAI_TR_350,இந்த ஹேர் கேர் ப்ரொடக்ட் முடியை பெரிதும் பாதிக்கிறது. ,AI
TAM_HUAI_TR_351,இந்த ஹேர் கிளிப்புகள் முடியை செட்டிங் செய்ய எளிதாக்குகிறது. ,AI
TAM_HUAI_TR_352,இந்த ஹேர் கிளிப்புகள் முடியை பிடிக்க வைக்கவில்லை. ,AI
TAM_HUAI_TR_353,இந்த ஹேர் கிரீம் முடியை நன்றாக பாதுகாக்கிறது. ,AI
TAM_HUAI_TR_354,இந்த ஹேர் கிரீம் முடியை பசைப்படுத்துகிறது.,AI
TAM_HUAI_TR_355,இந்த ஹேர் புரோடக்ட் முடியை தழைத்து வளர்த்தது. ,AI
TAM_HUAI_TR_356,இந்த லிப்பாம் உதடுகளை மிகவும் மென்மையாக மாற்றுகிறது.,AI
TAM_HUAI_TR_357,இந்த லிப்பாம் உதடுகளில் எரிச்சலை ஏற்படுத்துகிறது. ,AI
TAM_HUAI_TR_358,இந்த லிப்ஸ்டிக் நிறம் மிகவும் அழகாக உள்ளது.,AI
TAM_HUAI_TR_359,இந்த லிப்ஸ்டிக் நிறம் விரைவில் மங்கிவிடுகிறது. ,AI
TAM_HUAI_TR_360,இந்த லிப்ப்க்ளாஸ் உதடுகளை பளபளப்பாக மாற்றுகிறது.,AI
TAM_HUAI_TR_361,இந்த லிப்ப்க்ளாஸ் உதடுகளை ஒட்டவைத்து விடுகிறது. ,AI
TAM_HUAI_TR_362,இந்த லிப் ஸ்கிரப் உதடுகளை நன்றாக சுத்தமாக்குகிறது. ,AI
TAM_HUAI_TR_363,இந்த லிப் ஸ்கிரப் உதடுகளை அதிகமாக சிரமப்படுத்துகிறது.,AI
TAM_HUAI_TR_364,இந்த லிப் மாய்ஸ்சரைசர் உதடுகளை நீண்ட நேரம் இளமையாக வைத்திருக்கிறது. ,AI
TAM_HUAI_TR_365,இந்த லிப் மாய்ஸ்சரைசர் உதடுகளில் எண்ணெய் அதிகமாகும். ,AI
TAM_HUAI_TR_366,இந்த லிப்பின் உதடுகளை மென்மையாகவும் பளபளப்பாகவும் மாற்றுகிறது.,AI
TAM_HUAI_TR_367,இந்த லிப்பின் நிறம் சரியாக ஒட்டவில்லை. ,AI
TAM_HUAI_TR_368,இந்த லிப் பிளம்பர் உதடுகளை மிதமாக பெரிதாக்குகிறது. ,AI
TAM_HUAI_TR_369,இந்த லிப் பிளம்பர் உதடுகளில் எரிச்சலை ஏற்படுத்துகிறது. ,AI
TAM_HUAI_TR_370,இந்த லிப் மாஸ்க் உதடுகளை புத்துணர்ச்சியடைய செய்கிறது. ,AI
TAM_HUAI_TR_371,இந்த லிப் மாஸ்க் உதடுகளை சுருக்கமாக மாற்றுகிறது. ,AI
TAM_HUAI_TR_372,இந்த லிப் லைனர் உதடுகளை அழகாக வரைவதற்கு உதவுகிறது.,AI
TAM_HUAI_TR_373,இந்த லிப் லைனர் உதடுகளை உலர்த்து விடுகிறது.,AI
TAM_HUAI_TR_374,இந்த லிப்பின் உதடுகளை குளிர்ச்சியாகவும் ஆரோக்கியமாகவும் வைத்திருக்கிறது. ,AI
TAM_HUAI_TR_375,இந்த லிப்பின் வெறுமனே ஒரு காம்பவுண்டை விட்டுச்செய்தது போலவே உள்ளது.,AI
TAM_HUAI_TR_376,இந்த லிப்பின் உதடுகளின் பிளவுகளை சரிசெய்கிறது. ,AI
TAM_HUAI_TR_377,இந்த லிப்பின் அதிகம் பயன்படுத்த உடனே விரைவில் கருகிவிடும். ,AI
TAM_HUAI_TR_378,இந்த லிப்ஸ்டிக் உதடுகளில் நீண்ட நேரம் நீடிக்கிறது. ,AI
TAM_HUAI_TR_379,இந்த லிப்ஸ்டிக் உதடுகளில் உலர்ச்சி ஏற்படுகிறது.,AI
TAM_HUAI_TR_380,இந்த லிப்பின் உதடுகளுக்கு அதிக பாதுகாப்பு தருகிறது. ,AI
TAM_HUAI_TR_381,இந்த க்ரீம் சருமத்தை மிகவும் மிருதுவாக மாற்றுகிறது. ,AI
TAM_HUAI_TR_382,இந்த க்ரீம் சருமத்தில் எரிச்சலை ஏற்படுத்துகிறது. ,AI
TAM_HUAI_TR_383,இந்த மொய்சுறைசர் சருமத்தை நீண்ட நேரம் இளமையாக வைத்திருக்கிறது. ,AI
TAM_HUAI_TR_384,இந்த மொய்சுறைசர் சருமத்தில் பிம்பம் ஏற்படுத்துகிறது. ,AI
TAM_HUAI_TR_385,இந்த ஃபேஸ் வாஷ் முகத்தை பளபளப்பாக மாற்றுகிறது. ,AI
TAM_HUAI_TR_386,இந்த ஃபேஸ் வாஷ் சருமத்தை உலர்த்துகிறது.,AI
TAM_HUAI_TR_387,இந்த சன் ஸ்கிரீன் சருமத்தை சூரிய கதிர்களில் இருந்து பாதுகாக்கிறது.,AI
TAM_HUAI_TR_388,இந்த சன் ஸ்கிரீன் சருமத்தில் எண்ணெய் அதிகமாகும். ,AI
TAM_HUAI_TR_389,இந்த ஃபேஸ் மாஸ்க் சருமத்தை புத்துணர்ச்சியடைய செய்கிறது.,AI
TAM_HUAI_TR_390,இந்த ஃபேஸ் மாஸ்க் சருமத்தில் எரிச்சலை ஏற்படுத்துகிறது. ,AI
TAM_HUAI_TR_391,இந்த ஸ்கிரப் சருமத்தை நன்றாக சுத்தமாக்குகிறது. ,AI
TAM_HUAI_TR_392,இந்த ஸ்கிரப் சருமத்தை அதிகமாக சிரமப்படுத்துகிறது. ,AI
TAM_HUAI_TR_393,இந்த ஃபேஸ் சீரம் சருமத்தை மென்மையாக்குகிறது. ,AI
TAM_HUAI_TR_394,இந்த ஃபேஸ் சீரம் சருமத்தில் எண்ணெய் அதிகமாகும்.,AI
TAM_HUAI_TR_395,இந்த ஐ கிரீம் கண்களின் கருவளையங்களை குறைக்கிறது. ,AI
TAM_HUAI_TR_396,இந்த ஐ கிரீம் எரிச்சலை ஏற்படுத்துகிறது.,AI
TAM_HUAI_TR_397,இந்த நெயில் பாலிஷ் விரைவில் மங்கிவிடுகிறது.,AI
TAM_HUAI_TR_398,இந்த நெயில் ரிமூவர் விரல்களை மென்மையாக சுத்தமாக்குகிறது.,AI
TAM_HUAI_TR_399,இந்த நெயில் ரிமூவர் விரல்களை உலர்த்துகிறது. ,AI
TAM_HUAI_TR_400,இந்த நெயில் ஃபைல் மிகவும் செயல்திறனாக உள்ளது.,AI
TAM_HUAI_TR_401,இந்த நெயில் ஃபைல் விரலை கீறுகிறது. ,AI
TAM_HUAI_TR_402,இந்த நெயில் கிரீம் விரல்களை நன்றாக பாதுகாக்கிறது.,AI
TAM_HUAI_TR_403,இந்த நெயில் கிரீம் விரல்களை அதிகமாக கொழுவாக்குகிறது. ,AI
TAM_HUAI_TR_404,இந்த நெயில் ஹார்ட்னர் விரல்களை வலிமையாக்குகிறது. ,AI
TAM_HUAI_TR_405,இந்த நெயில் ஹார்ட்னர் விரல்களை உடைக்க வைக்கிறது. ,AI
TAM_HUAI_TR_406,   கிருமி நாசினி ,HUMAN
TAM_HUAI_TR_407,  உடம்பு நன்றாக உள்ளது,HUMAN
TAM_HUAI_TR_408,  வியர்வை நாற்றம் போகும்  புத்துணர்ச்சியாக இருக்கும்.,HUMAN
TAM_HUAI_TR_409, மீரா சேக்கா தலைய வந்து பிரவுன்  காட்டுகிறது,HUMAN
TAM_HUAI_TR_410,அடிக்கடி துவச்சா ஒரு ஷேப்லெஸ் ஆயிருக்கு,HUMAN
TAM_HUAI_TR_411,பல்பொடி வந்து ரொம்ப காரத்தன்மை ரொம்ப ஜாஸ்தியா இருக்கு,HUMAN
TAM_HUAI_TR_412,அடிக்கடி ரிப்பேர் பண்ற வேலை இல்லை முடி ரொம்ப வறட்சியா இருக்கு அந்த எண்ணெயை தடவுவதில் இருந்து முடி ரொம்ப கொட்டுது இந்த ஷாம்பு எனக்கு ஒத்துக்கவே இல்ல,HUMAN
TAM_HUAI_TR_413,அடுத்தவர்களுக்கு தொல்லை கொடுக்காமல் பேசலாம்,HUMAN
TAM_HUAI_TR_414,அணிந்து கொள்ள மென்மையாக இருக்கும்.,HUMAN
TAM_HUAI_TR_415,அதிக கனம் கொண்டதாக உள்ளது.,HUMAN
TAM_HUAI_TR_416,அதிக நேரம் யூஸ் பண்ணினா தலை வலி வந்துருது. ,HUMAN
TAM_HUAI_TR_417,டி-ஷர்ட் வந்து நல்லா இருக்கு மாவுக்கேத்த பணியாரம் காசு கேட்ட டி-ஷர்ட்,HUMAN
TAM_HUAI_TR_418,அதிகப்படியான ஆண்டுகள் நீடித்து உழைக்கும் ஆற்றல்,HUMAN
TAM_HUAI_TR_419,அதிகப்படியான எடை ,HUMAN
TAM_HUAI_TR_420,அதிகமா செலவு பண்ண வேண்டி இருக்கு ,HUMAN
TAM_HUAI_TR_421,அதிபடியான வேதியல் பொருட்கள் மற்றும் சிறப்பு சேர்க்கைகள் தேவையற்றது ,HUMAN
TAM_HUAI_TR_422,ஷாம்பு போட்டா பொடுகு இல்லாமல் இருக்கு பட் முடி கொட்டுது,HUMAN
TAM_HUAI_TR_423,அந்த டீ ஷர்டை போட்டாலே ஒரு கெத்தா தெரியுது,HUMAN
TAM_HUAI_TR_424,அந்த பெர்ஃப்யூம் ஸ்மெல் வந்து ஒரு தலை வலிக்கிற மாதிரி இருக்கு ,HUMAN
TAM_HUAI_TR_425,அந்த லிப்ஸ்டிக் ஷேட் எனக்கு எடுக்க வில்லை,HUMAN
TAM_HUAI_TR_426,"அந்த வாட்ச் பிராண்ட் மிகவும் அருமையாக உள்ளது, ஏனெனில் பிராண்டில் பல சேகரிப்புகள் உள்ளன மற்றும் அம்சங்கள் மிகவும் அருமையாக உள்ளன",HUMAN
TAM_HUAI_TR_427,அப்புறம் நல்லா அழுக்கு போகுது பிரெஷா பீல் பண்ற,HUMAN
TAM_HUAI_TR_428,அமேசான் சட்டை கார்டன் துணி நல்லா இருக்கு,HUMAN
TAM_HUAI_TR_429,அருமை. நன்கு உழைக்கிறது.,HUMAN
TAM_HUAI_TR_430,அளவு கம்மியா இருக்கும் ,HUMAN
TAM_HUAI_TR_431,அனைத்து கடைகளிலும் கிடைப்பதில்லை.,HUMAN
TAM_HUAI_TR_432,ஆடியோ நன்றாக உள்ளது,HUMAN
TAM_HUAI_TR_433,ஆப்பிள் செல் போன் குவாலிட்டிய இருக்கும்,HUMAN
TAM_HUAI_TR_434,ஆப்பிள் லெப்டாப்   குவாலிட்டிய இருக்கும்,HUMAN
TAM_HUAI_TR_435,ஆயிரம் தான் இருந்தாலும் கெமிக்கல்ஸ் கெமிக்கல்ஸ் தான்,HUMAN
TAM_HUAI_TR_436,ஆயிரம் தான் இருந்தாலும் பிராண்ட் பிராண்டு தான,HUMAN
TAM_HUAI_TR_437,ஆயில் லிஸ்ட் எனக்கு கேக்குது ,HUMAN
TAM_HUAI_TR_438,ஆனா வந்து என்ன சொல்றது அதை அதனுடைய டேஸ்ட் கொஞ்சம் கசப்பு தன்மையா இருக்குது,HUMAN
TAM_HUAI_TR_439,ஆனால் சில சமயங்களில் சுவை நீண்ட நேரம் இருக்கும் அதனால் எனக்கு புடிக்காது,HUMAN
TAM_HUAI_TR_440,ஆனால் சில சமயங்களில் சோப்பு அவ்வளவு நுரையை கொடுக்காது,HUMAN
TAM_HUAI_TR_441,இக்காலத்தில் பொருள்கள் மிகவும்  தரமானதாக இல்லை,HUMAN
TAM_HUAI_TR_442,இத பயன் படுத்தும் பொது ஒரு விதமான புத்துணர்ச்சி பிறக்குது.,HUMAN
TAM_HUAI_TR_443,இது ஒரு மிடிலேஜ் ஆளுங்களுக்கெல்லாம் நான் இதை ரொம்ப ரெகமெண்ட் பண்ணுவேன்,HUMAN
TAM_HUAI_TR_444,"இது குளிர்காலத்தில் அதிக வறட்சியை உருவாக்குகிறது, இது குளிர்காலத்திற்கு நல்லதல்ல",HUMAN
TAM_HUAI_TR_445,இது நல்ல பிராண்ட்,HUMAN
TAM_HUAI_TR_446,இது நான் வாங்கணும்னு ரொம்ப நாளா நினைச்சிட்டு இருந்தேன் அப்பறம் ஒரு சேல்ல கிடைத்தது எனக்கு இது என்னுடைய ட்ரீம் பேக்,HUMAN
TAM_HUAI_TR_447,இது போடுறதுனால கரும்புள்ளி எல்லாம் கொஞ்சம் குறைஞ்ச மாதிரி இருக்கு,HUMAN
TAM_HUAI_TR_448,இது போறதுனால என் கால் ரொம்ப மழை மழைன்னு இருக்க,HUMAN
TAM_HUAI_TR_449,இது ரொம்ப காஸ்ட்லி,HUMAN
TAM_HUAI_TR_450,இது ரொம்ப சாஃப்டா இருக்கு,HUMAN
TAM_HUAI_TR_451,இதெல்லாம் ஒன் டைம் இன்வெஸ்ட்மென்ட் வாங்க வேண்டியது தான் லைஃப்ல சிலதெல்லாம் நம்ம கிட்ட இருக்கணும்னு நினைப்போம்ல அதுல ஒரு பொண்ணு தான் இந்த பேக்,HUMAN
TAM_HUAI_TR_452,இதெல்லாம் கடைகளலும் கிடைக்காது,HUMAN
TAM_HUAI_TR_453,இதெல்லாம் வியாபார தந்திரம் போல இருக்குது,HUMAN
TAM_HUAI_TR_454,இதே மாடல்ல என்னுடைய இரண்டாவது செருப்பு,HUMAN
TAM_HUAI_TR_455,இந்த ஃபேஸ் வாஷ் போடறதுனால நான் தண்ணில கழுவனும் கூட அவசியமில்லை பேப்பர் வச்சு தொடச்சால் போதும்,HUMAN
TAM_HUAI_TR_456,இந்த கிரீம் முகத்துக்கு நல்லா இல்ல,HUMAN
TAM_HUAI_TR_457,இந்த கிரீம் முகப்பருவ கம்மி பண்ணும்,HUMAN
TAM_HUAI_TR_458,இந்த சட்டை  துணி நல்லா இல்ல,HUMAN
TAM_HUAI_TR_459,இந்த சட்டை கார்டன் துணி நல்லா இருக்கும்,HUMAN
TAM_HUAI_TR_460,இந்த சென்ட்டு  வாசனையா இருக்கும்,HUMAN
TAM_HUAI_TR_461,இந்த சென்ட்டு  வாசனையா இல்ல,HUMAN
TAM_HUAI_TR_462,"இந்த சோப் டிஎஃப்எம் கம்மியா இருக்கு , அதனால இது வேண்டாம்",HUMAN
TAM_HUAI_TR_463,இந்த சோப்பு ரொம்ப  வாசனையா இருக்கு,HUMAN
TAM_HUAI_TR_464,இந்த பிராண்ட் காஸ்ட் எபக்ட்டிவ் பிளஸ் ஓரளவுக்கு நல்ல டீசன்டான மாடல் இருக்கும்,HUMAN
TAM_HUAI_TR_465,இந்த பேஸ்ட் ஆயுர்வேதா பல்லுக்கு நல்லது,HUMAN
TAM_HUAI_TR_466,இந்த பேஸ்ட் நல்லா இல்ல பல்லுக்கு,HUMAN
TAM_HUAI_TR_467,இந்த பேஸ்ட்டை விட வேப்பங்குச்சியில் பல்லு தேச்சாவே இன்னும் கொஞ்சம் நல்ல இம்ப்ரூவ்மெண்ட் இருக்கு,HUMAN
TAM_HUAI_TR_468,இந்த வாட்ச்க்கு கேரண்டி இல்ல,HUMAN
TAM_HUAI_TR_469,இந்த ஷாம்பு முடிக்கு நல்லா இருக்கு,HUMAN
TAM_HUAI_TR_470,இந்தா ஷாம்பு  பொடுகுக்கு நல்லா இல்ல,HUMAN
TAM_HUAI_TR_471,இறுக்கமாக அணிவதால் தசை பிடிப்பு ஏற்படும்,HUMAN
TAM_HUAI_TR_472,ஈஸியா வந்து அரஞ்சுரும் அதனால மன்த்லி வந்து ரெண்டு சோப் ஆகும் ,HUMAN
TAM_HUAI_TR_473,உடம்பு குளிமை,HUMAN
TAM_HUAI_TR_474,உடலின் இயற்கை கெடுகிறது,HUMAN
TAM_HUAI_TR_475,உடல் தூய்மை மற்றும் சுகாதாரம் பேணுதல் ,HUMAN
TAM_HUAI_TR_476,உடல் தூர்நாற்றத்தை கட்டுபடுத்துகிறது,HUMAN
TAM_HUAI_TR_477,உடல் தூர்நாற்றத்தை கட்டுப்படுத்தும்,HUMAN
TAM_HUAI_TR_478,உடல் தோற்றம் நன்றாக இருக்கும்,HUMAN
TAM_HUAI_TR_479,உடனடியாக கறைந்துவிடுகிறது,HUMAN
TAM_HUAI_TR_480,உணர்திறன்,HUMAN
TAM_HUAI_TR_481,உபயோகிப்பது இல்லை,HUMAN
TAM_HUAI_TR_482,உரித்த நேரத்தில் தகவலை பரிமாறி கொள்ளலாம்,HUMAN
TAM_HUAI_TR_483,உரிய நேரத்தில் தேவையான இடத்திற்கு செல்ல முடியும்,HUMAN
TAM_HUAI_TR_484,ஊர ஏமாற்றுவதற்கு ஒரே வாசனையா வச்சிடுறாங்க,HUMAN
TAM_HUAI_TR_485,எடுத்துச் செல்ல ஏதுவாக உள்ளது,HUMAN
TAM_HUAI_TR_486,எடை குறைவானது,HUMAN
TAM_HUAI_TR_487,எண்ணெயிலேயே இல்லை ஷாம்பூ இல்லையான்னு  கொத்துக்கொத்தா முடி கீழே கொட்டியது,HUMAN
TAM_HUAI_TR_488,எதிர்மறை ஏதும் இல்லை.,HUMAN
TAM_HUAI_TR_489,எது நெகடிவ் இல்ல,HUMAN
TAM_HUAI_TR_490,எதுவும் இல்லை ,HUMAN
TAM_HUAI_TR_491,எதை போட்டாலும் முடி தான் கொட்டுது,HUMAN
TAM_HUAI_TR_492,எந்த இடத்தில் வேண்டுமானலும் உபயோகிகஉபயோகிக்கலாம்,HUMAN
TAM_HUAI_TR_493,எந்த கருத்தும் இல்லை,HUMAN
TAM_HUAI_TR_494,எப்ப பியபோதுன்னு தெரியல,HUMAN
TAM_HUAI_TR_495,எப்படித்தான் பிட்டிங்காணே தெரியல அவ்ளோ,HUMAN
TAM_HUAI_TR_496,எல்லா இடங்களிலும் எடுத்து சென்று உபயோகிக்கலாம்,HUMAN
TAM_HUAI_TR_497,எனக்காக அது பாஸ்ட்டா ப்ராசஸ் ஆகும் ,HUMAN
TAM_HUAI_TR_498,"எனக்கு  செருப்பை பிடிக்கும், ஏனெனில் அது அணிவதற்கு மிகவும் வசதியானது மற்றும் இது அனைத்து வகையான ஆடைகளுக்கும் பொருந்தக்கூடியது",HUMAN
TAM_HUAI_TR_499,எனக்கு அதோட  டேஸ்டபுடிச்சிருக்கூ,HUMAN
TAM_HUAI_TR_500,"எனக்கு அந்த குறிப்பிட்ட பிராண்ட் சட்டையை  பிடிக்கும் , ஏனெனில் அதன் ஃபேபிர்க் நன்றாக மற்றும் அணிய வசதியாக உள்ளது",HUMAN
TAM_HUAI_TR_501,"எனக்கு அந்த சோப்பு பிடிக்கும், ஏனெனில் அதில் குறைவான கிளிசரின் உள்ளது மற்றும் நல்ல வாசனை உள்ளது",HUMAN
TAM_HUAI_TR_502,"எனக்கு என் ஃபேஸ்வ்சாவை பிடிக்கும் , ஏனென்றால் அது மிகவும் நல்ல வாசனையாக இருக்கிறது, மேலும் இது என் தோலில் உள்ள எண்ணெயை நீக்குகிறது மேலும் இது ஒரு புதிய தோற்றத்தை அளிக்கிறது.",HUMAN
TAM_HUAI_TR_503,எனக்கு என்னோட சோப் பிடிக்கும். ஆயிலி ஸ்கின்னுக்கு வந்து நல்லா கேக்கறதுனால பிடிக்கும் அதே மாதிரி பிம்பிள்ஸ் வந்து கொஞ்சம் குறைஞ்சிருக்கு.,HUMAN
TAM_HUAI_TR_504,எனக்கு ஏற்ற அளவு செருப்பு கிடைக்கவில்லை,HUMAN
TAM_HUAI_TR_505,எனக்கு ஒரு புத்தகம் போல உதவுது. ,HUMAN
TAM_HUAI_TR_506,"எனக்கு பிடிக்கும்,இது மிகவும் நல்ல மணம் மற்றும் அந்த வாசனை நீண்ட காலம் நீடிக்கும். இது என் தலைமுடிக்கு மென்மையான அமைப்பை அளிக்கிறது",HUMAN
TAM_HUAI_TR_507,"எனக்கு பிடிக்கும்,ஏனெனில் அது மிகவும் புத்துணர்ச்சியையும் குறைவான நுரையையும் தருகிறது",HUMAN
TAM_HUAI_TR_508,எனக்கு புடிக்கும். ஜாஸ்தி ஸ்மெல் வராது ,HUMAN
TAM_HUAI_TR_509,எனக்கு புடிச்ச செருப்பு என் சைஸ்ல இருக்காது எனக்கு எல்லா பிராண்டும் செட் ஆகாது,HUMAN
TAM_HUAI_TR_510,"எனது இயர்பட்கள் எந்த வகையான பாடல்கள் அல்லது இசையைக் கேட்க மிகவும் அருமையாக இருக்கிறது, அதன் ஒலி தரம் மிகவும் அருமையாக உள்ளது",HUMAN
TAM_HUAI_TR_511,எனது பைக் பிராண்ட் பழையது மற்றும் நல்லது. அது தரும் மைலேஜ் நன்றாக உள்ளது,HUMAN
TAM_HUAI_TR_512,"எனது பைக் பிராண்ட் பழையது, அதனால் என்னால் உதிரி பாகங்களை எளிதில் பெற முடியாது",HUMAN
TAM_HUAI_TR_513,"எனது மொபைல் பிரான்ஸ் மிகவும் அருமையாக உள்ளது, சிறந்த கேமரா தரம் மற்றும் பாதுகாப்பு அற்புதமானது மற்றும் செயல்பட எளிதானது",HUMAN
TAM_HUAI_TR_514,"எனது லேப்டாப் பிராண்ட் புதியது மற்றும் இது பல அற்புதமான அம்சங்களைக் கொண்டுள்ளது, இது பதிலளிப்பதில் மிக வேகமாக உள்ளது",HUMAN
TAM_HUAI_TR_515,எனது லேப்டாப் பிராண்ட் மிகவும் விலை உயர்ந்தது மற்றும் இது இந்தியாவில் தயாரிக்கப்படவில்லை,HUMAN
TAM_HUAI_TR_516,"எனது வாசனை திரவியத்தைப் பற்றிய ஒரே எதிர்மறையான விஷயம் என்னவென்றால், அது விலை உயர்ந்தது மற்றும் எளிதில் வாங்குவது அரிது",HUMAN
TAM_HUAI_TR_517,என் இயர்பட்ஸ் சார்ஜ் நேரம் மிக நீண்டது,HUMAN
TAM_HUAI_TR_518,என் பிரெண்ட்ஸ் எல்லாம் இதை யூஸ் பண்றாங்க,HUMAN
TAM_HUAI_TR_519,என் ஸ்கின் ரொம்ப சென்சிடிவ் அதனால எனக்கு இதெல்லாம் ஒத்துக்க மாட்டேங்குது,HUMAN
TAM_HUAI_TR_520,என்கிட்ட இல்ல ,HUMAN
TAM_HUAI_TR_521,என்ன மாதிரி போட்டா நமக்கு செட் ஆகும்னு தெரியலையே இது,HUMAN
TAM_HUAI_TR_522,என்ன வச்சு சீப்பு போட்டு வாரி ஜடை போட்டாலுமே முடி கொட்டுது வாரத்துக்கு ரெண்டு தடவ தலை குளிக்கிற நல்ல சாப்பிடுற நல்ல எண்ணத்தை ஆனாலும் முடி கொட்டுது,HUMAN
TAM_HUAI_TR_523,என்னக்கு நெகடிவ் சொல்ல தெரியல. ,HUMAN
TAM_HUAI_TR_524,என்னுடைய பேக் வந்து ஒரு தடவை இன்வெஸ்ட் பண்ணனும்னா ஒரு 3 இயர்ஸ் 4 இயர்ஸ் வரைக்கும் அடிக்கலாம்,HUMAN
TAM_HUAI_TR_525,ஏதாவது பிரச்சனை ஏற்பட்டால் சரி செய்யப்படுவது கடினம்,HUMAN
TAM_HUAI_TR_526,ஏதுமில்லை.,HUMAN
TAM_HUAI_TR_527,ஏதும் பிரச்சனை இல்ல,HUMAN
TAM_HUAI_TR_528,ஏதோ பிரச்சனை இல்லை,HUMAN
TAM_HUAI_TR_529,ஏன் இப்படி முடி கொட்டுதுன்னு தெரியல எல்லாம்,HUMAN
TAM_HUAI_TR_530,ஏன் சைசுக்கு செருப்பு மட்டும் கிடைக்கவே கிடைக்காது,HUMAN
TAM_HUAI_TR_531,ஏன்டா வாங்கணும்னு பீல் பண்ண வச்சுடும்,HUMAN
TAM_HUAI_TR_532,ஒட்டோ நல்லா இருக்கும் ,HUMAN
TAM_HUAI_TR_533,ஒரு அரை மணி நேரத்துக்கு முகப்பொலிவு இருக்கு. ,HUMAN
TAM_HUAI_TR_534,ஒரு சில டைம் ஏண்டா இதை வாங்கணும்னு பீல் பண்ண வைக்கிறது,HUMAN
TAM_HUAI_TR_535,ஒரு சில நேரங்களில் வெடிக்கும்,HUMAN
TAM_HUAI_TR_536,ஒரு லட்சத்துக்குள்ள இந்த வண்டி என்றால் கண்டிப்பாக நல்ல வண்டி மைலேஜ் கொடுக்குது,HUMAN
TAM_HUAI_TR_537,ஒரு விதமான புத்துணர்ச்சியை உருவாக்குது,HUMAN
TAM_HUAI_TR_538,ஒரு வேப்பங்குச்சில்ல உள்ள பிரெஸ்னஸ் இந்த டூத்பேஸ்ட்டைல இல்ல என உணருகிறேன்.  ,HUMAN
TAM_HUAI_TR_539,ஒரே பிராண்ட் யூஸ் பண்ண மாட்டேன் டுவைஸ் வந்துட்டு ,HUMAN
TAM_HUAI_TR_540,ஒரே பிராண்ட் யூஸ் பண்ணதுல ,HUMAN
TAM_HUAI_TR_541,ஒரே பிராண்ட் யூஸ் பண்ணதுல ,HUMAN
TAM_HUAI_TR_542,ஒரே வாரத்தில் கை ஒரு பக்கம் முறுக்கிக்கிட்டு இடுப்பு ஒரு பக்கம் முறுக்கிக்கிட்டு நிக்குது,HUMAN
TAM_HUAI_TR_543,ஒன்றும் இல்லை,HUMAN
TAM_HUAI_TR_544,கடினத்தன்மை இல்லாமல் சருமத்தை மென்மையாக பராமரிக்க உதவும் ,HUMAN
TAM_HUAI_TR_545,கடையில வெளிச்சத்துல பாக்குறதுக்கும் வீட்டுல வந்து பாக்குறதுக்கு வேற மாதிரி இருக்கு,HUMAN
TAM_HUAI_TR_546,கணினி சிக்கிரம் வெப்பநிலை அடையும் ,HUMAN
TAM_HUAI_TR_547,கண் இழப்பு ,HUMAN
TAM_HUAI_TR_548,கண்களுக்கு பாதிப்பு உண்டாகும்,HUMAN
TAM_HUAI_TR_549,கலர் சீக்கிரமே வெளுத்து போகுது. ,HUMAN
TAM_HUAI_TR_550,காது கேட்காது ,HUMAN
TAM_HUAI_TR_551,காது கேளாமை ஏற்படும்,HUMAN
TAM_HUAI_TR_552,காது பிரச்சனை ஏற்படும்,HUMAN
TAM_HUAI_TR_553,காதுகளை வீணடிக்கிறது,HUMAN
TAM_HUAI_TR_554,கால் வலி குறையும்,HUMAN
TAM_HUAI_TR_555,கால்களுக்கு பாதுகாப்பு,HUMAN
TAM_HUAI_TR_556,காஸ்ட்லி,HUMAN
TAM_HUAI_TR_557,கிழிந்து விட்டால் மறுபடியும் உபயோகிப்பது கடினம்,HUMAN
TAM_HUAI_TR_558,குதிக் கால் வலி ஏற்படும்,HUMAN
TAM_HUAI_TR_559,குளிச்ச அப்புறம் நல்ல அன்னைக்கு ஃபுல்லா ஒரு புத்துணர்ச்சியா இருக்கு,HUMAN
TAM_HUAI_TR_560,குளிர்பானங்களில் அதிக ரசாயணம் கலப்பது மிகவும் கஷ்டமாக உள்ளது,HUMAN
TAM_HUAI_TR_561,குறிப்பிட்ட நேரத்தில் வேலையை செய்து முடிக்கலாம்,HUMAN
TAM_HUAI_TR_562,குறைஞ்ச நேரத்துல பள்ளு விலக்கி முடிச்சிறலாம். ,HUMAN
TAM_HUAI_TR_563,குறைந்த செலவு ,HUMAN
TAM_HUAI_TR_564,கேசத்தை பராமரிக்க ஆயுர்வேதம் சிறந்தது ,HUMAN
TAM_HUAI_TR_565,கேமரா குவாலிட்டி நல்லா இல்லை ,HUMAN
TAM_HUAI_TR_566,கேமரா சுமார்,HUMAN
TAM_HUAI_TR_567,கொஞ்சம் காஸ்ட்டா இருக்குற மாதிரி இருக்கு ,HUMAN
TAM_HUAI_TR_568,கொஞ்சம் டார்க் கலரா இருந்திருந்தால் நல்லா இருந்திருக்கும் விலை ஜாஸ்தி தான் ஆனா அதுக்கு ஏத்த உழைப்பு உழைக்கிறது,HUMAN
TAM_HUAI_TR_569,கொஞ்சம் ரொம்ப பெருசா இருக்கு,HUMAN
TAM_HUAI_TR_570,கொஞ்சம் ஸ்கிராட்ச் ஆகுது மேல ,HUMAN
TAM_HUAI_TR_571,"சமீபத்தில் நான் ஒரு சன்ஸ்கிரீனை வாங்கினேன், அதன் அமைப்பு நன்றாக இல்லை மற்றும் அது இரசாயன வாசனையுடன் உள்ளது",HUMAN
TAM_HUAI_TR_572,சரும எரிச்சல் ,HUMAN
TAM_HUAI_TR_573,சரும பிரச்சனை ஏற்படும்,HUMAN
TAM_HUAI_TR_574,சருமத்தில் அரிப்பு வரலாம்,HUMAN
TAM_HUAI_TR_575,சருமத்திற்க்கு நன்றாக உள்ளது,HUMAN
TAM_HUAI_TR_576,சருமம் வறட்சி மற்றும் அதிகப்படியான வேதியல் பொருட்கள் ,HUMAN
TAM_HUAI_TR_577,சருமம் வீணாகிறது,HUMAN
TAM_HUAI_TR_578,சவுண்ட் நல்லா இருக்கும் bass நல்லா இருக்கும் ,HUMAN
TAM_HUAI_TR_579,சாப்டான மெட்டீரியல் கால வெச்சோம்னா ரொம்ப நல்லா இருக்கும்,HUMAN
TAM_HUAI_TR_580,சாம்சங் ஹெட்செட் குவாலிட்டிய இருக்கும்,HUMAN
TAM_HUAI_TR_581,சார்ஜ் ஏற்றுவது ,HUMAN
TAM_HUAI_TR_582,சார்ஜ் நல்லா நிக்குது ,HUMAN
TAM_HUAI_TR_583,சார்ஜ் போடும் போது சூடாகுது,HUMAN
TAM_HUAI_TR_584,சிகைக்கு ஆரோக்கியமாக உள்ளது.,HUMAN
TAM_HUAI_TR_585,சில நேரங்களில் அது அதிக நுரை கொடுக்காது மற்றும் அது விலை உயர்ந்தது,HUMAN
TAM_HUAI_TR_586,சில நேரத்துல நம்ம செல்பி மேட்ச் பண்ண வேண்டியது இருக்குது 3500 எல்லாம் செருப்பு என்பது கொஞ்சம் ஜாஸ்தி தான்,HUMAN
TAM_HUAI_TR_587,சில நேரம் விரையம் பண்ணுது. ,HUMAN
TAM_HUAI_TR_588,சிறந்த இஞ்சின்,HUMAN
TAM_HUAI_TR_589,சிறிது நாட்கள் பயன்பட்டிலேயே நிறம் மாறிவிடுகிறது.,HUMAN
TAM_HUAI_TR_590,சிறிய கார சுவையுடன் எதுவாக இருக்கும்,HUMAN
TAM_HUAI_TR_591,சிறுவர்களுக்கு கையடக்க பொம்மை சிறப்பானது,HUMAN
TAM_HUAI_TR_592,சீக்காவே பரவால்ல போல இருக்கு இந்த ஷாம்ப,HUMAN
TAM_HUAI_TR_593,சீக்கிரம் சாயம் போயிடும் வாங்கும்போது ஒரு கலரா இருந்துச்சு இப்ப வேற கலர் ஆயிருச்சு,HUMAN
TAM_HUAI_TR_594,சீக்கிரம் வெளுத்து போயிருது,HUMAN
TAM_HUAI_TR_595,சீப் அண்ட் பெஸ்ட் குவாலிட்டி ,HUMAN
TAM_HUAI_TR_596,சும்மா சும்மா ஹேங் ஆயிரும்,HUMAN
TAM_HUAI_TR_597,சுலபமாக இணக்க முடியும் ,HUMAN
TAM_HUAI_TR_598,சுலபமாக எடுத்து செல்ல முடியும் ,HUMAN
TAM_HUAI_TR_599,சுவை நல்லா இருக்கும் ,HUMAN
TAM_HUAI_TR_600,செயல்பாட்டில் உள்ளது ,HUMAN
TAM_HUAI_TR_601,சோசியல் மீடியாவே ஒரே மிஸ்  கைடு பண்ணுது,HUMAN
TAM_HUAI_TR_602,டயர் அண்ட் டீப்ப அடிக்கடி மாத்திக்கிட்டு இருக்க வேண்டி இருக்கும். ,HUMAN
TAM_HUAI_TR_603,டாட் அண்ட் கீ ஃபேஸ்வாஷ் ரிசல்ட் பரவால்ல சாரி சிக் கிளிக் ஆசிட்  இருக்குறதால ஆயில் கொஞ்சம் குறையுது ஸ்கிரீன்ல ,HUMAN
TAM_HUAI_TR_604,டிஜிட்டல் வாட்ச் ஈசி மைண்டைன்ஸ் டு ,HUMAN
TAM_HUAI_TR_605,டைட்டன் வாட்ச் குவாலிட்டிய இருக்கும்,HUMAN
TAM_HUAI_TR_606,டைப் பண்ணி கொஞ்ச நேரம் கழிச்சு தான் ஸ்கிரீன்ல வரும் காசுக்கு வேஸ்ட்,HUMAN
TAM_HUAI_TR_607,ட்ரெஸ் துவைகளானாலும் இது உதவுது ,HUMAN
TAM_HUAI_TR_608,தசை பிடிப்பு ஏற்படும்,HUMAN
TAM_HUAI_TR_609,தசைகளுக்கு பாதிப்பு ஏற்படும்,HUMAN
TAM_HUAI_TR_610,தண்ணி பட்டா அடிக்கடி பேட்டரி மாத்தணும்.  ,HUMAN
TAM_HUAI_TR_611,தண்ணீர்  பட்டால்  மணிஒடாது,HUMAN
TAM_HUAI_TR_612,தரத்திற்கு ஏற்ற விலை ,HUMAN
TAM_HUAI_TR_613,தரமான பொருளை வாங்குனா அதிக நாள் உழைக்கும். இல்லைனா குறைஞ்ச நாள் தான் உழைக்கும். ,HUMAN
TAM_HUAI_TR_614,தரமான மின்கலம்.,HUMAN
TAM_HUAI_TR_615,தலை குளிச்சிட்டு வந்தா பாத்ரூம் ஃபுல்லா முடி,HUMAN
TAM_HUAI_TR_616,தலை முடி உதிரும்,HUMAN
TAM_HUAI_TR_617,தலை முடி யின் அழுக்கு வெளியேறுகிறது,HUMAN
TAM_HUAI_TR_618,தலைக்கு என்னை தடவுறதால தலைவலி இல்லை. ,HUMAN
TAM_HUAI_TR_619,தலைமுடி சுத்தமாகவும் கருப்பாகவும் உள்ளது,HUMAN
TAM_HUAI_TR_620,தலைமூடி உதிர்கிறது,HUMAN
TAM_HUAI_TR_621,தலைமூடி பளபளப்பாக உள்ளது,HUMAN
TAM_HUAI_TR_622,துணி தரமாக உள்ளது,HUMAN
TAM_HUAI_TR_623,தெளிவாக கேட்க உதவுகிறது,HUMAN
TAM_HUAI_TR_624,தேங்காய் எண்ணெய் யூஸ் பண்ணா போச்சு,HUMAN
TAM_HUAI_TR_625,தேங்காய் எண்ணெய் யூஸ் பண்றன். நோ கெமிக்கல் ,HUMAN
TAM_HUAI_TR_626,தேய்மானம் ஏற்படுகிறது,HUMAN
TAM_HUAI_TR_627,தேவையான  நேரத்தில் பயன்படுத்தலாம்,HUMAN
TAM_HUAI_TR_628,தொல் பாதிப்படைகிறது,HUMAN
TAM_HUAI_TR_629,தொழில் துறைக்கு அவசியம் பாதுகாப்பானது ,HUMAN
TAM_HUAI_TR_630,தொழில்நுட்ப முன்னணி ,HUMAN
TAM_HUAI_TR_631,தோல் நோய் ,HUMAN
TAM_HUAI_TR_632,தோல் வியாதி வருகிறது,HUMAN
TAM_HUAI_TR_633,தோற்றத்தின் மதிப்பு நன்றாக இருக்கும்,HUMAN
TAM_HUAI_TR_634,நம் தோற்றத்தை மேன்மை படுத்துகிறது,HUMAN
TAM_HUAI_TR_635,நம் நாட்டு தட்பவெட்ப நிலைக்கு தேவையற்றது ,HUMAN
TAM_HUAI_TR_636,நம்ம மேல வாசனை வருதோ இல்லையோ நம்ம குளிச்சிட்டு வந்த பிறகு பாத்ரூம் பூரா வாசனை அடிக்கும்,HUMAN
TAM_HUAI_TR_637,நம்முடைய நேரத்தை வீணடிக்கிறது,HUMAN
TAM_HUAI_TR_638,நல்ல சவுண்ட் குவாலிட்டடி,HUMAN
TAM_HUAI_TR_639,நல்ல பங்க்ஷன் ஆகும் ,HUMAN
TAM_HUAI_TR_640,நல்ல வேலை செய்து,HUMAN
TAM_HUAI_TR_641,நல்லா இருக்கு இந்த நெயில் பாலிஷ் கை கலருக்கு நல்லா இல்ல,HUMAN
TAM_HUAI_TR_642,நல்லா இருந்திருக்கும் லூசு பெருசா இருந்திருந்தா நல்லா இருந்திருக்கும் தட ஸ்கிரீன் வாங்கணும்னு ரொம்ப நாளா நெனச்சிட்டு இருந்தேன் கையில எடுத்துட்டு போறதுக்கு வசதியா இருக்கு,HUMAN
TAM_HUAI_TR_643,நல்லா ஒழைக்குது,HUMAN
TAM_HUAI_TR_644,நல்லா ஓடும் இதுவரைக்கும் மோட்டார் ல பிரச்சனை வந்தது இல்லை ,HUMAN
TAM_HUAI_TR_645,நல்லா கேமரா குவாலிட்டி,HUMAN
TAM_HUAI_TR_646,நல்லா நுரை வருது,HUMAN
TAM_HUAI_TR_647,நன்றாக உழைக்கிறது,HUMAN
TAM_HUAI_TR_648,நன்றாக உள்ளது,HUMAN
TAM_HUAI_TR_649,நா யூஸ் பண்ணல ,HUMAN
TAM_HUAI_TR_650,நான் 23 வருசமா சொனாட்டா கம்பெனி ஒரே வாட்சதான் யூஸ் பண்றேன். பேட்டரி தவிர வேற பிரச்னை இல்லை. ,HUMAN
TAM_HUAI_TR_651,நான் அதெல்லாம் யூஸ் பண்றது இல்ல,HUMAN
TAM_HUAI_TR_652,நான் அதெல்லாம் யூஸ் பண்றது இல்ல,HUMAN
TAM_HUAI_TR_653,நான் எட்டு ஆண்டுகளாக இந்த வழலையை பயன்படுத்துகிறேன். நன்றாக உள்ளது.,HUMAN
TAM_HUAI_TR_654,நான் ஒரே பிராண்டை பயன் படுத்துறது இல்லை,HUMAN
TAM_HUAI_TR_655,நான் ஓட்டுறது இல்ல,HUMAN
TAM_HUAI_TR_656,நான் தேவை படுறோப்ப மட்டும் தான் யூஸ் பண்ணுவேன். ,HUMAN
TAM_HUAI_TR_657,"நான் பயன்படுத்தும் வாசனை திரவியம் மிகவும் நல்ல வாசனையாக இருக்கிறது, அது நீண்ட காலம் நீடிக்கும் மற்றும் லேசான வாசனையுடன் இருக்கும்",HUMAN
TAM_HUAI_TR_658,நான் யூஸ் பண்ணுற டெல் கம்பெனி பரந்து நல்ல உழைக்குது.,HUMAN
TAM_HUAI_TR_659,நான் யூஸ் பண்ணுற பஜாஜ் டூ வீலர் பைக்ல கொஞ்சம் பெட்ரொல அதிக கிலோமீட்டர் போகலாம். ,HUMAN
TAM_HUAI_TR_660,நான் யூஸ் பண்ற ஃபேஸ் வாஷ் நல்லா ஸ்மெல் இருக்கு,HUMAN
TAM_HUAI_TR_661,நான் யூஸ் பண்ற ஃபேஸ் வாஷ்னால என் முகத்தில் உள்ள என்னை பிசுக்கு கம்மியா இருக்கு,HUMAN
TAM_HUAI_TR_662,நான் யூஸ் பண்ற ஃபேஸ் வாஷ்னால என் முகம் பொலிவா இருக்கு,HUMAN
TAM_HUAI_TR_663,நான் யூஸ் பண்ற பேஸ் வாஷ்ல நல்ல நுரை வருது,HUMAN
TAM_HUAI_TR_664,நான் வந்து ரீசண்டா புக்கு வாங்க அது நல்லா இருக்கு,HUMAN
TAM_HUAI_TR_665,நான்றாக நுறை வரும்.,HUMAN
TAM_HUAI_TR_666,நிறமிகள் மற்றும் சுவை தேவையற்றது ,HUMAN
TAM_HUAI_TR_667,நிறம் மாறும் ,HUMAN
TAM_HUAI_TR_668,நிறைய டிசைன் உள்ளது,HUMAN
TAM_HUAI_TR_669,நிறைய பேரு ரொம்ப காஸ்ட்லியான பிராண்டு தான் ஒரு கெத்து இருப்பாங்க,HUMAN
TAM_HUAI_TR_670,நிறைய வகை இல்லை.,HUMAN
TAM_HUAI_TR_671,நிறைய ஷார்ட்ஸ் பார்த்து தான் இந்த பிராண்ட் நான் ட்ரை பண்ணேன்,HUMAN
TAM_HUAI_TR_672,நீடித்த நறுமணம் ,HUMAN
TAM_HUAI_TR_673,நீண்ட நேரம் ஆற்றல் நிற்பதில்லை.,HUMAN
TAM_HUAI_TR_674,நெகட்டிவ் கமெண்ட் ஒன்னு இல்ல ,HUMAN
TAM_HUAI_TR_675,நேரத்தை சேமிக்கலாம்,HUMAN
TAM_HUAI_TR_676,நேரத்தை வீண் செய்கிறது,HUMAN
TAM_HUAI_TR_677,நேரம் பார்க்க உதவுகிறது,HUMAN
TAM_HUAI_TR_678,நேரம் பார்க்கவும் மற்றும் ஒரு சில நேரங்களில் பணிகளை முடிக்கவும் உதவுகிறது,HUMAN
TAM_HUAI_TR_679,நேர்த்தியான கைக்கடிகாரம்.,HUMAN
TAM_HUAI_TR_680,நோக்கியா செல் போன் நல்லா இல்ல,HUMAN
TAM_HUAI_TR_681,நோக்கியா ஹெட்செட் நல்லா இல்ல,HUMAN
TAM_HUAI_TR_682,பயத்தம்மாவு போட்டு தேச்சாவே இதை விட பெட்டரா இருக்கும்னு நினைக்கிறேன்,HUMAN
TAM_HUAI_TR_683,பயனிக்க உதவுகிறது,HUMAN
TAM_HUAI_TR_684,பயன்படுத்துவதில்லை.,HUMAN
TAM_HUAI_TR_685,பராமரிப்பு செலவு அதிகம்.,HUMAN
TAM_HUAI_TR_686,பல் சுத்தமாக உள்ளது,HUMAN
TAM_HUAI_TR_687,பல் பளிச்சிடுகிறது,HUMAN
TAM_HUAI_TR_688,பழுதடைந்தால் சரி செய்வது கடினம்,HUMAN
TAM_HUAI_TR_689,பள பள முகம் தரும்,HUMAN
TAM_HUAI_TR_690,பளபளப்பு தன்மை தரும்,HUMAN
TAM_HUAI_TR_691,பற்களின் உறுதி குளைகிறது,HUMAN
TAM_HUAI_TR_692,பற்களுக்கு தேய்மானம் ஏற்படும்,HUMAN
TAM_HUAI_TR_693,பற்களை சுகாதாரமாக வைத்திருக்க உதவும் ,HUMAN
TAM_HUAI_TR_694,பற்கள் சுத்தமாக உள்ளது,HUMAN
TAM_HUAI_TR_695,பற்கள் சுத்தமாகிறது ,HUMAN
TAM_HUAI_TR_696,பஜாஜ்  வண்டி நல்லா  இல்ல,HUMAN
TAM_HUAI_TR_697,பாடி ஸ்பிரே யூஸ் பண்ணதுல,HUMAN
TAM_HUAI_TR_698,பாடி ஸ்பிரே யூஸ் பண்ணவில்லை ,HUMAN
TAM_HUAI_TR_699,பாட்டு கேட்குறதுக்கு உதவுது. ,HUMAN
TAM_HUAI_TR_700,பாதங்களை பாதுகாக்கிறது,HUMAN
TAM_HUAI_TR_701,பாதுகாப்பது கடினம்,HUMAN
TAM_HUAI_TR_702,பாராகான் செப்பல்  குவாலிட்டிய இருக்கும்,HUMAN
TAM_HUAI_TR_703,பார்வைக்கும் பயன்பாட்டிற்கும் அருமையாக உள்ளது,HUMAN
TAM_HUAI_TR_704,பிக்கப் இருக்காது ,HUMAN
TAM_HUAI_TR_705,பிராண்டுகள் மிகவும் விலை உயர்ந்தவை மற்றும் ஆன்லைனில் வாங்க முடியாது,HUMAN
TAM_HUAI_TR_706,பிற எண்ணைகளை போல் அதிக மணம் கொண்டதாக இல்லை.,HUMAN
TAM_HUAI_TR_707,புத்துணர்ச்சி கிடைக்கிறது,HUMAN
TAM_HUAI_TR_708,பெருசா எந்த தொந்தரவும் கொடுக்கிறது இல்லை,HUMAN
TAM_HUAI_TR_709,பேசுவதற்கு உதவுகிறது,HUMAN
TAM_HUAI_TR_710,பேட்டரி கொஞ்சம் நிக்காது ,HUMAN
TAM_HUAI_TR_711,பேட்டரி ப்ராப்ளம் ,HUMAN
TAM_HUAI_TR_712,பேட்டரி லைப் குறைவு,HUMAN
TAM_HUAI_TR_713,பேட்டரி லைப் நன்றாக உள்ளது,HUMAN
TAM_HUAI_TR_714,பேரு தான் பெரிய பிராண்ட் ஆனா உள்ள ஒன்னும் இல்ல,HUMAN
TAM_HUAI_TR_715,பொலிவை தருகிறது.,HUMAN
TAM_HUAI_TR_716,போட்ட நாள் நல்லா இருக்கு,HUMAN
TAM_HUAI_TR_717,ப்ளூ டூத் இல்லை. அதனால எப்போவும் யூஸ் பண்ணிக்கலாம் ,HUMAN
TAM_HUAI_TR_718,மணி பார்க்க உதவும் ,HUMAN
TAM_HUAI_TR_719,மண்டைல தவிர சீப்பு தர பாத்ரூம்ல எல்லா இடத்திலும் முடி கொஞ்சம் முடி நரைகிறேன் என்று பார்த்தால் போச்சு,HUMAN
TAM_HUAI_TR_720,மத்தவங்க எல்லாம் விரித்துவிட்டு அலையறாங்க வங்களுக்கெல்லாம் கொட்ட மாட்டேங்குது,HUMAN
TAM_HUAI_TR_721,மயிலேஜ் தர பைக் ,HUMAN
TAM_HUAI_TR_722,மழையில் நனைவோம்,HUMAN
TAM_HUAI_TR_723,மற்றவர்களுக்கு தொல்லை கொடுக்கமால் இருக்கும்,HUMAN
TAM_HUAI_TR_724,மாடல் கைல அழகா இருந்துச்சு என் கைல அசிங்கமா இருக்கு,HUMAN
TAM_HUAI_TR_725,முகத்தின் சருமம் பலமிழக்கிறது,HUMAN
TAM_HUAI_TR_726,முகப்பொலிவு தரும்,HUMAN
TAM_HUAI_TR_727,முகம் பளிச்சென தோன்றுகிறது,HUMAN
TAM_HUAI_TR_728,முடி உதிர்தல் ,HUMAN
TAM_HUAI_TR_729,முடி வளர தான் தெரியல,HUMAN
TAM_HUAI_TR_730,முடியின் உறுதித் தன்மை இழக்கிறது,HUMAN
TAM_HUAI_TR_731,"முதல் அரை மணி நேரத்துக்கு அப்புறம், புத்துணர்ச்சி காணாம போயிருது. ",HUMAN
TAM_HUAI_TR_732,முதுகு வலி ஏற்படும்,HUMAN
TAM_HUAI_TR_733,மூகத்தில் சரும பிரச்சனை ஏற்படுகிறது,HUMAN
TAM_HUAI_TR_734,மூகம் தெளிவடைகிறது,HUMAN
TAM_HUAI_TR_735,மூஞ்சி மழை மழன்னு இருக்குது,HUMAN
TAM_HUAI_TR_736,மெல்ல தான் கொஞ்சம் ஓரமா இருக்குது,HUMAN
TAM_HUAI_TR_737,மெல்லிய மற்றும் குறைவான எடை ,HUMAN
TAM_HUAI_TR_738,மேம்படுத்தப்பட்ட மின்கலம் அவசியம் ,HUMAN
TAM_HUAI_TR_739,மைலேஜ் கம்மியா கொடுக்கும் ,HUMAN
TAM_HUAI_TR_740,மொபைல் பிராண்டில் பல பதிப்புகள் இருப்பதால் எந்த பாகத்தையும் மாற்றுவது கடினம்,HUMAN
TAM_HUAI_TR_741,யமஹா வண்டி நல்லா  இருக்கும்,HUMAN
TAM_HUAI_TR_742,யூஸ் பண்ண மாட்டேன் ,HUMAN
TAM_HUAI_TR_743,ரசாயனத்தால் ஆனது,HUMAN
TAM_HUAI_TR_744,ரெகுலரா மாத்திக்கிட்டே இருப்பேன் ஒரே டூத் பேஸ் தான் நான் யூஸ் பண்ண மாட்டேன் ,HUMAN
TAM_HUAI_TR_745,ரொம்ப காஸ்ட்லியா எல்லாம் செருப்புக்கு போடணும்னு அவசியம் இல்ல,HUMAN
TAM_HUAI_TR_746,ரொம்ப நாளா வாங்கணும்னு நினைச்சிருந்த மாடல் இது விலை ஜாஸ்தி தான் ஆனா எனக்கு ரொம்ப புடிச்சிருக்கு,HUMAN
TAM_HUAI_TR_747,ரொம்ப நாள் உழைக்கிறது இல்ல,HUMAN
TAM_HUAI_TR_748,ரொம்ப மட்டமான குவாலிட்டி,HUMAN
TAM_HUAI_TR_749,ரொம்ப விலை ஜாஸ்தி,HUMAN
TAM_HUAI_TR_750,ரொம்ப வேதா அச்சு வருது,HUMAN
TAM_HUAI_TR_751,"லெதர் ஹேண்ட் பேக் என்ன குறைந்தது 10,000 ஆகும்",HUMAN
TAM_HUAI_TR_752,லெனோவா லெப்டாப்    நல்லா இல்ல,HUMAN
TAM_HUAI_TR_753,லேக்மி லாக்மி தான்,HUMAN
TAM_HUAI_TR_754,லைட் கலர் அழுக்காயிடும்,HUMAN
TAM_HUAI_TR_755,வாசனை கிடைக்கிறது,HUMAN
TAM_HUAI_TR_756,வாசனை நன்றாக இருக்கிறது,HUMAN
TAM_HUAI_TR_757,வாசனை மற்றும் வேதியல் நிறமிகள் தேவையற்றது,HUMAN
TAM_HUAI_TR_758,வாட்ச் பிராண்டில் நிறங்கள் குறைவாக உள்ளன,HUMAN
TAM_HUAI_TR_759,வாட்ச் ரொம்ப அழகா இருக்கும் ஆனா அதுல ரெண்டு முள்ள தவிர வேற எந்த நம்பரும் இருக்காது,HUMAN
TAM_HUAI_TR_760,வாய் துர்நாற்றம் போகும்,HUMAN
TAM_HUAI_TR_761,வாய் தூர் நாற்றத்தை சுத்தம் செய்யும்,HUMAN
TAM_HUAI_TR_762,வி கே செப்பல்  நல்லா இல்ல,HUMAN
TAM_HUAI_TR_763,வியர்வை துளிகள் தூவாரத்தை அடைக்கும்,HUMAN
TAM_HUAI_TR_764,வியர்வை நாற்றம் தடுக்கும் ,HUMAN
TAM_HUAI_TR_765,வியாபார குறியீடுக்காக விலை நிர்ணயம் கூடாது ,HUMAN
TAM_HUAI_TR_766,விரல் பாதுகாப்பு ,HUMAN
TAM_HUAI_TR_767,விரைவில் சுடகிவிடும்.,HUMAN
TAM_HUAI_TR_768,விலை அதிகம்.,HUMAN
TAM_HUAI_TR_769,விலை மிக உயர்வு.,HUMAN
TAM_HUAI_TR_770,விலை ரொம்ப ஜாஸ்தியா இருக்கு இவ்ளோ காசு கொடுத்தா இதை வாங்குறது,HUMAN
TAM_HUAI_TR_771,வெடிப்பு எல்லாம் குறைஞ்ச மாதிரி தான் இருக்கு,HUMAN
TAM_HUAI_TR_772,வெயில் காலத்தில் நன்றாக இருக்கும் ,HUMAN
TAM_HUAI_TR_773,வேகம் குறைவு,HUMAN
TAM_HUAI_TR_774,வேதியியல் பொருட்கள்  அதிகம் உள்ளது,HUMAN
TAM_HUAI_TR_775,வேதியியல் பொருட்கள் அதிகம் இருப்பதால் முகம் இளமை இழப்பு ,HUMAN
TAM_HUAI_TR_776,வேப்ப எண்ணெய்க்கு உள்ள சக்தி இந்த மனக்குற தலை முடி எண்ணெய்க்கு இல்லை என நினைக்கிறேன்.,HUMAN
TAM_HUAI_TR_777,வேர்வைல கையெல்லாம் ஊற ஆரம்பிச்சிருச்சு,HUMAN
TAM_HUAI_TR_778,ஸ்கிரீன் ரொம்ப பெருசா இருக்கும் ஆனா ரொம்ப வெயிட்டான லேப்டாப்,HUMAN
TAM_HUAI_TR_779,ஸ்பார்  பார்ட்ஸ் ஈஸியா கிடைக்காது ,HUMAN
TAM_HUAI_TR_780,ஸ்பீடா இல்லை ,HUMAN
TAM_HUAI_TR_781,ஸ்பீடா போகணும்னு நினைச்சா கூட ஓட்டம் போகாது,HUMAN
TAM_HUAI_TR_782,ஹமாம் சோப் மாதிரி வேற எந்த சோப்பு எனக்கு செட் ஆகறது இல்ல,HUMAN
TAM_HUAI_TR_783,ஹேர் ஃபால் கம்மியா இருக்கும்.,HUMAN
TAM_HUAI_TR_784,ஒரே கோட்டிங் ல கொல கொலவெனு ஆயிடுது,HUMAN
TAM_HUAI_TR_785,இந்த பாலிஷ் ரொம்ப நாளைக்கு எல்லாம் வரமாட்டேங்குது,HUMAN
TAM_HUAI_TR_786,நிறைய கேடு இருக்கு,HUMAN
TAM_HUAI_TR_787,மருதாணி மாதிரி குளிர்ச்சி எல்லாம் கிடையாது,HUMAN
TAM_HUAI_TR_788,இதுக்கு என்னுடைய பேவரைட் சேட்,HUMAN
TAM_HUAI_TR_789,விலை தான் கொஞ்சம் ஜாஸ்தி பட் ஒரு தடவை வாங்குனா ஒரு சிக்ஸ் மன்த்ஸ் யூஸ் பண்ணலாம்,HUMAN
TAM_HUAI_TR_790,கைக்கு ஒரு கலர் காலுக்கு ஒரு கலர் நான் வாங்க முடியும் ரொம்ப கஷ்டம் இருக்கு இந்த கிரீசியா இருக்கு,HUMAN
TAM_HUAI_TR_791,இந்த ஷேர் எனக்கு ஒத்து வரல,HUMAN
TAM_HUAI_TR_792,மூஞ்சி பஞ்சுமிட்டாய் சாப்பிட்ட மாதிரி இருக்கு,HUMAN
TAM_HUAI_TR_793,ஹேர் கலரிங் எல்லாருக்கும் செட் ஆகாது,HUMAN
TAM_HUAI_TR_794,ஹேர் டை உடம்புக்கு ரொம்ப கெடுதல்,HUMAN
TAM_HUAI_TR_795,இது பேபி ப்ராடக்ட்பெரியவர்களும் யூஸ் பண்ணலாம்,HUMAN
TAM_HUAI_TR_796,ரொம்ப சேஃப் யூஸ் பண்ணிட்டு இருக்கேன்,HUMAN
TAM_HUAI_TR_797,காஸ்ட்லியா இருந்தாலும் பரவால்ல வாங்கிட்டு இருக்கேன்,HUMAN
TAM_HUAI_TR_798,கெமிக்கல்ஸ் கம்மி,HUMAN
TAM_HUAI_TR_799,இது பேரபன் ஃப்ரீசொன்னதுனால வாங்கிட்டு இருக்கேன்,HUMAN
TAM_HUAI_TR_800,இந்த ஷாம்பூ போட்டா முடி ரொம்ப சில்கியா இருக்கும்,HUMAN
TAM_HUAI_TR_801,முடி ரொம்ப சாஃப்டா இருக்கு கண்டிஷனர் எல்லாம் தேவை கிடையாது,HUMAN
TAM_HUAI_TR_802,முடி வறட்சியா ஆயிடுது,HUMAN
TAM_HUAI_TR_803,காலையில வாறிட்டு போனா அப்படியே செட் ஆயிடும்,HUMAN
TAM_HUAI_TR_804,இந்த லிப்ஸ்டிக் எனக்கு பேய் மாதிரி இருக்கு,HUMAN
TAM_HUAI_TR_805,இதே போட்டோ அழகா இருக்கு,HUMAN
TAM_HUAI_TR_806,சோப்பு வாசனை நல்லா இருக்கு,HUMAN
TAM_HUAI_TR_807,எண்ணெய்ன பிசுக்கு போகவே மாட்டேங்குது,HUMAN
TAM_HUAI_TR_808,தலை எப்பவுமே ஆயில் இருக்கு பிசுபிசுன்னு ஒட்டிக்கிட்டு இருக்கு,HUMAN